-- phpMyAdmin SQL Dump
-- version 5.2.1
-- https://www.phpmyadmin.net/
--
-- Host: 127.0.0.1:3306
-- Generation Time: Jun 02, 2025 at 02:49 AM
-- Server version: 8.0.35
-- PHP Version: 8.2.13
SET SQL_MODE = "NO_AUTO_VALUE_ON_ZERO";
START TRANSACTION;
SET time_zone = "+00:00";
/*!40101 SET @OLD_CHARACTER_SET_CLIENT=@@CHARACTER_SET_CLIENT */
;
/*!40101 SET @OLD_CHARACTER_SET_RESULTS=@@CHARACTER_SET_RESULTS */
;
/*!40101 SET @OLD_COLLATION_CONNECTION=@@COLLATION_CONNECTION */
;
/*!40101 SET NAMES utf8mb4 */
;
--
-- Database: `elitefit-23`
--
-- --------------------------------------------------------
--
-- Table structure for table `admin`
--
DROP TABLE IF EXISTS `admin`;
CREATE TABLE IF NOT EXISTS `admin` (
    `user_id` int NOT NULL AUTO_INCREMENT,
    `username` varchar(50) NOT NULL,
    `password` varchar(512) CHARACTER SET latin1 COLLATE latin1_swedish_ci NOT NULL,
    `name` varchar(50) NOT NULL,
    `role` enum('admin', 'cashier', 'trainer', 'manager') DEFAULT NULL,
    PRIMARY KEY (`user_id`)
) ENGINE = InnoDB AUTO_INCREMENT = 4 DEFAULT CHARSET = latin1;
--
-- Dumping data for table `admin`
--
INSERT INTO `admin` (
        `user_id`,
        `username`,
        `password`,
        `name`,
        `role`
    )
VALUES (
        2,
        'admin',
        '$2y$10$t6YpyvrzVaki.CmhShyne.mN/dM41pEGauooPOPdVCS1QHHEyW.gS',
        'admin',
        'admin'
    );
-- --------------------------------------------------------
--
-- Table structure for table `announcements`
--
DROP TABLE IF EXISTS `announcements`;
CREATE TABLE IF NOT EXISTS `announcements` (
    `id` int NOT NULL AUTO_INCREMENT,
    `user_id` int DEFAULT NULL,
    `message` varchar(100) NOT NULL,
    `date` date NOT NULL,
    PRIMARY KEY (`id`)
) ENGINE = InnoDB AUTO_INCREMENT = 17 DEFAULT CHARSET = latin1;
--
-- Dumping data for table `announcements`
--
INSERT INTO `announcements` (`id`, `user_id`, `message`, `date`)
VALUES (
        7,
        2,
        'This is to announce that our GYM will remain close for 51 days due to COVID-19.',
        '2020-03-30'
    ),
    (
        8,
        2,
        'Opening of GYM Halls and Clubs are not fixed yet. Stay tuned for more updates!!',
        '2020-04-03'
    ),
    (9, 7, 'Renovation Going On...', '2020-04-04'),
    (
        10,
        2,
        'This is a demo announcement from admin',
        '2022-06-03'
    ),
    (
        12,
        13,
        'New test announcement. Update coming at +00:00GMT',
        '2025-04-30'
    ),
    (
        13,
        12,
        'bbsxghgdwvdcyttewvcyyevcge evcher cu',
        '2025-06-08'
    ),
    (
        14,
        NULL,
        'final tests for the messaging.\r\n',
        '2025-04-30'
    ),
    (16, NULL, 'lorem ipsum.', '2025-05-20');
-- --------------------------------------------------------
--
-- Table structure for table `attendance`
--
DROP TABLE IF EXISTS `attendance`;
CREATE TABLE IF NOT EXISTS `attendance` (
    `id` int NOT NULL AUTO_INCREMENT,
    `user_id` varchar(100) NOT NULL,
    `curr_date` text NOT NULL,
    `curr_time` text NOT NULL,
    `present` tinyint NOT NULL DEFAULT '1',
    `check_in` time DEFAULT NULL,
    `check_out` time DEFAULT NULL,
    `status` enum('present', 'absent', 'completed') NOT NULL,
    `duration` time DEFAULT NULL,
    PRIMARY KEY (`id`)
) ENGINE = InnoDB AUTO_INCREMENT = 84 DEFAULT CHARSET = latin1;
--
-- Dumping data for table `attendance`
--
INSERT INTO `attendance` (
        `id`,
        `user_id`,
        `curr_date`,
        `curr_time`,
        `present`,
        `check_in`,
        `check_out`,
        `status`,
        `duration`
    )
VALUES (
        78,
        '6',
        '2025-06-01',
        '10:20 PM',
        1,
        NULL,
        '22:27:29',
        'completed',
        '00:00:00'
    ),
    (
        79,
        '8',
        '2025-06-01',
        '22:27:34',
        1,
        '22:27:34',
        '22:27:37',
        'completed',
        '00:00:03'
    ),
    (
        80,
        '11',
        '2025-06-01',
        '22:30:49',
        1,
        '22:30:49',
        '22:56:08',
        'completed',
        '00:25:19'
    ),
    (
        81,
        '14',
        '2025-06-01',
        '22:30:50',
        1,
        '22:30:50',
        '22:56:12',
        'completed',
        '00:25:22'
    ),
    (
        82,
        '17',
        '2025-06-01',
        '22:30:52',
        1,
        '22:30:52',
        '22:56:14',
        'completed',
        '00:25:22'
    ),
    (
        83,
        '19',
        '2025-06-01',
        '23:40:38',
        1,
        '23:40:38',
        '23:40:40',
        'completed',
        '00:00:02'
    );
-- --------------------------------------------------------
--
-- Table structure for table `equipment`
--
DROP TABLE IF EXISTS `equipment`;
CREATE TABLE IF NOT EXISTS `equipment` (
    `id` int NOT NULL AUTO_INCREMENT,
    `name` varchar(30) NOT NULL,
    `amount` int NOT NULL,
    `quantity` int NOT NULL,
    `vendor` varchar(50) NOT NULL,
    `status` enum('good', 'out_of_order', 'damaged') CHARACTER SET latin1 COLLATE latin1_swedish_ci DEFAULT 'good',
    `description` varchar(50) NOT NULL,
    `address` varchar(20) NOT NULL,
    `contact` varchar(10) NOT NULL,
    `date` date NOT NULL,
    `trainer_id` int DEFAULT NULL,
    PRIMARY KEY (`id`),
    KEY `fk_equipment_trainer` (`trainer_id`)
) ENGINE = InnoDB AUTO_INCREMENT = 13 DEFAULT CHARSET = latin1;
--
-- Dumping data for table `equipment`
--
INSERT INTO `equipment` (
        `id`,
        `name`,
        `amount`,
        `quantity`,
        `vendor`,
        `status`,
        `description`,
        `address`,
        `contact`,
        `date`,
        `trainer_id`
    )
VALUES (
        3,
        'Treadmill',
        48000,
        4,
        'DnS',
        'good',
        'Edited Description',
        '7 Cedarstone Drive',
        '8521479633',
        '2019-03-07',
        10
    ),
    (
        4,
        'Vertical Press Machine',
        949,
        3,
        'SS Industries',
        'good',
        'For Biceps And Triceps, Upper Back, Chest',
        '7 Cedarstone Drive',
        '1245558980',
        '2020-03-19',
        10
    ),
    (
        5,
        'Dumbell - Adjustable',
        102,
        26,
        'Uptown Suppliers',
        'good',
        'Material: Steel, Rubber Plastic, Concrete',
        '7 Cedarstone Drive',
        '9875552100',
        '2020-03-29',
        10
    ),
    (
        6,
        'Multi Bench Press Machine',
        219,
        2,
        'DnS Suppliers',
        'good',
        '6 In 1 Multi Bench With Incline, Flat, Decline Ben',
        '7 Cedarstone Drive',
        '7410001010',
        '2020-04-05',
        10
    ),
    (
        7,
        'Demo',
        265,
        5,
        'Demo',
        'good',
        'This is a demo test.',
        '77 Demo Lane',
        '8524445452',
        '2020-04-03',
        6
    ),
    (
        10,
        'RowWarrior Fitness Rowing Mach',
        5616,
        12,
        'Roww Stores',
        'good',
        'HIGHEST QUALITY: This best of class air rowing mac',
        '52 Weekley Street',
        '7412585555',
        '2021-06-12',
        6
    ),
    (
        11,
        'Tread Runner',
        12000,
        8,
        'Elite Traders Eqp',
        'out_of_order',
        'Running mill',
        'Spintex',
        '000222555',
        '2025-04-10',
        6
    ),
    (
        12,
        'Dumbell (100kg)',
        2000,
        4,
        'Elite Traders Eqp',
        'good',
        'Single handed dumb bell ',
        'Spintex',
        '0000000041',
        '2025-06-08',
        6
    );
-- --------------------------------------------------------
--
-- Table structure for table `equipment_repairs`
--
DROP TABLE IF EXISTS `equipment_repairs`;
CREATE TABLE IF NOT EXISTS `equipment_repairs` (
    `id` int NOT NULL AUTO_INCREMENT,
    `equipment_id` int NOT NULL,
    `repair_notes` text,
    `repair_cost` decimal(10, 2) DEFAULT NULL,
    `repaired_by` varchar(50) DEFAULT NULL,
    `repair_date` date DEFAULT NULL,
    `repair_timestamp` timestamp NULL DEFAULT CURRENT_TIMESTAMP,
    PRIMARY KEY (`id`),
    KEY `equipment_id` (`equipment_id`)
) ENGINE = InnoDB AUTO_INCREMENT = 2 DEFAULT CHARSET = utf8mb4 COLLATE = utf8mb4_0900_ai_ci;
--
-- Dumping data for table `equipment_repairs`
--
INSERT INTO `equipment_repairs` (
        `id`,
        `equipment_id`,
        `repair_notes`,
        `repair_cost`,
        `repaired_by`,
        `repair_date`,
        `repair_timestamp`
    )
VALUES (
        1,
        3,
        '12',
        123.00,
        'err',
        '2025-05-20',
        '2025-05-20 14:03:57'
    );
-- --------------------------------------------------------
--
-- Table structure for table `members`
--
DROP TABLE IF EXISTS `members`;
CREATE TABLE IF NOT EXISTS `members` (
    `user_id` int NOT NULL AUTO_INCREMENT,
    `fullname` varchar(20) NOT NULL,
    `username` varchar(20) NOT NULL,
    `password` varchar(255) CHARACTER SET latin1 COLLATE latin1_swedish_ci NOT NULL,
    `gender` varchar(20) NOT NULL,
    `dor` date NOT NULL,
    `services` varchar(50) NOT NULL,
    `amount` int NOT NULL,
    `paid_date` date DEFAULT NULL,
    `p_year` int DEFAULT NULL,
    `plan` varchar(100) NOT NULL,
    `address` varchar(255) CHARACTER SET latin1 COLLATE latin1_swedish_ci NOT NULL,
    `contact` varchar(10) NOT NULL,
    `status` varchar(20) NOT NULL DEFAULT 'Active',
    `attendance_count` int DEFAULT NULL,
    `ini_weight` int DEFAULT NULL,
    `curr_weight` int DEFAULT NULL,
    `ini_bodytype` varchar(50) CHARACTER SET latin1 COLLATE latin1_swedish_ci DEFAULT NULL,
    `curr_bodytype` varchar(50) CHARACTER SET latin1 COLLATE latin1_swedish_ci DEFAULT NULL,
    `progress_date` date DEFAULT NULL,
    `reminder` int NOT NULL DEFAULT '0',
    `email` varchar(255) DEFAULT NULL,
    `otp` int DEFAULT NULL,
    `otp_expiry` datetime DEFAULT NULL,
    `verified_at` datetime DEFAULT NULL,
    `profile_pic` varchar(512) DEFAULT NULL,
    `date_of_birth` date NOT NULL,
    PRIMARY KEY (`user_id`),
    KEY `idx_members_email` (`email`),
    KEY `idx_members_otp` (`otp`, `otp_expiry`)
) ENGINE = InnoDB AUTO_INCREMENT = 109 DEFAULT CHARSET = latin1;
--
-- Dumping data for table `members`
--
INSERT INTO `members` (
        `user_id`,
        `fullname`,
        `username`,
        `password`,
        `gender`,
        `dor`,
        `services`,
        `amount`,
        `paid_date`,
        `p_year`,
        `plan`,
        `address`,
        `contact`,
        `status`,
        `attendance_count`,
        `ini_weight`,
        `curr_weight`,
        `ini_bodytype`,
        `curr_bodytype`,
        `progress_date`,
        `reminder`,
        `email`,
        `otp`,
        `otp_expiry`,
        `verified_at`,
        `profile_pic`,
        `date_of_birth`
    )
VALUES (
        6,
        'Harry Denn',
        'harry',
        '$2y$10$3pZ4AnAidLH6/AUwt6pLFenxRTNpkU.G41.dqYmtdPbmI0DCSfiNy',
        'Male',
        '2019-12-25',
        'Fitness',
        480155,
        '2025-05-29',
        2025,
        '1',
        '64 Mulberry Lane',
        '8545878546',
        'Active',
        1,
        54,
        174,
        'Slim',
        'Ectomorph',
        '2025-04-29',
        0,
        'harry@gmail.com',
        NULL,
        NULL,
        NULL,
        'uploads/profiles/user_6_1748710024.png',
        '2000-01-01'
    ),
    (
        8,
        'Charles Anderson',
        'charles',
        'cac29d7a34687eb14b37068ee4708e7b',
        'Male',
        '2020-01-02',
        'Fitness',
        660,
        '2025-05-27',
        2025,
        '12',
        '99 Heron Way',
        '8520258520',
        'Active',
        0,
        92,
        85,
        'Fat',
        'Bulked',
        '2020-04-22',
        0,
        NULL,
        NULL,
        NULL,
        NULL,
        NULL,
        '2000-01-01'
    ),
    (
        11,
        'Justin Schexnayder',
        'justin',
        'cac29d7a34687eb14b37068ee4708e7b',
        'Male',
        '2019-01-25',
        'Cardio',
        35,
        '2020-03-31',
        2020,
        '3',
        '14 Blair Court',
        '7535752220',
        'Active',
        1,
        0,
        0,
        '',
        '',
        '0000-00-00',
        0,
        NULL,
        NULL,
        NULL,
        NULL,
        NULL,
        '2000-01-01'
    ),
    (
        14,
        'Ryan Crowl',
        'ryan',
        'cac29d7a34687eb14b37068ee4708e7b',
        'Male',
        '2019-07-13',
        'Fitness',
        55,
        '2020-04-02',
        2020,
        '12',
        '34 Twin Oaks Drive',
        '1578880010',
        'Active',
        2,
        59,
        63,
        'Slim',
        'Slim',
        '2020-04-23',
        0,
        NULL,
        NULL,
        NULL,
        NULL,
        NULL,
        '2000-01-01'
    ),
    (
        16,
        'TrialsChanged',
        'trials',
        'cac29d7a34687eb14b37068ee4708e7b',
        'Female',
        '2020-04-01',
        'Fitness',
        0,
        '2021-06-12',
        2021,
        '0',
        '4 Demo Lane',
        '741111110',
        'Expired',
        26,
        50,
        61,
        'Slim',
        'Slim',
        '2021-06-11',
        1,
        NULL,
        NULL,
        NULL,
        NULL,
        NULL,
        '2000-01-01'
    ),
    (
        17,
        'Karen McGray',
        'karen',
        'cac29d7a34687eb14b37068ee4708e7b',
        'Female',
        '2020-04-02',
        'Cardio',
        120,
        '2022-05-31',
        2020,
        '3',
        '23 Rubaiyat Road',
        '7441002540',
        'Active',
        4,
        0,
        0,
        '',
        '',
        '0000-00-00',
        0,
        NULL,
        NULL,
        NULL,
        NULL,
        NULL,
        '2000-01-01'
    ),
    (
        18,
        'Jeanne Pratt',
        'prattj',
        'cac29d7a34687eb14b37068ee4708e7b',
        'Female',
        '2020-04-04',
        'Fitness',
        55,
        '2021-06-11',
        2021,
        '1',
        '86 Hilltop Street',
        '7854445410',
        'Active',
        11,
        0,
        0,
        '',
        '',
        '0000-00-00',
        0,
        NULL,
        NULL,
        NULL,
        NULL,
        NULL,
        '2000-01-01'
    ),
    (
        19,
        'George Fann',
        'george',
        'cac29d7a34687eb14b37068ee4708e7b',
        'Male',
        '2019-04-02',
        'Fitness',
        55,
        '2021-06-11',
        2021,
        '1',
        '43 Oak Drive',
        '0258987850',
        'Active',
        22,
        0,
        0,
        '',
        '',
        '0000-00-00',
        1,
        NULL,
        NULL,
        NULL,
        NULL,
        NULL,
        '2000-01-01'
    ),
    (
        20,
        'Wendy Scott',
        'wendy',
        'cac29d7a34687eb14b37068ee4708e7b',
        'Female',
        '2020-03-21',
        'Fitness',
        55,
        '2021-06-11',
        2021,
        '1',
        '24 Cody Ridge Road',
        '8547896520',
        'Active',
        18,
        0,
        0,
        '',
        '',
        '0000-00-00',
        0,
        NULL,
        NULL,
        NULL,
        NULL,
        NULL,
        '2000-01-01'
    ),
    (
        21,
        'Patrick Wilson',
        'patrick',
        'cac29d7a34687eb14b37068ee4708e7b',
        'Male',
        '2020-04-02',
        'Cardio',
        120,
        '2022-06-01',
        2021,
        '3',
        '24 Cody Ridge Road',
        '9874568520',
        'Active',
        11,
        0,
        0,
        '',
        '',
        '0000-00-00',
        0,
        NULL,
        NULL,
        NULL,
        NULL,
        NULL,
        '2000-01-01'
    ),
    (
        22,
        'Tommy Marks',
        'tommy',
        'cac29d7a34687eb14b37068ee4708e7b',
        'Male',
        '2020-04-01',
        'Fitness',
        55,
        '2020-04-05',
        2020,
        '3',
        '22 Franklin Street',
        '8529997500',
        'Active',
        7,
        0,
        0,
        '',
        '',
        '0000-00-00',
        0,
        NULL,
        NULL,
        NULL,
        NULL,
        NULL,
        '2000-01-01'
    ),
    (
        23,
        'Keith Martin',
        'martin',
        'cac29d7a34687eb14b37068ee4708e7b',
        'Male',
        '2020-04-02',
        'Cardio',
        120,
        '2022-06-02',
        2021,
        '3',
        '89 Smithfield Avenue',
        '7895456250',
        'Active',
        24,
        51,
        68,
        'Slim',
        'Muscular',
        '2022-06-02',
        0,
        NULL,
        NULL,
        NULL,
        NULL,
        NULL,
        '2000-01-01'
    ),
    (
        24,
        'Richard G Langston',
        'richard',
        'cac29d7a34687eb14b37068ee4708e7b',
        'Male',
        '1990-02-02',
        'Sauna',
        420,
        '2025-04-29',
        2025,
        '12',
        '541  Raoul Wallenber',
        '7012545580',
        'Active',
        1,
        0,
        0,
        '',
        '',
        '0000-00-00',
        0,
        NULL,
        NULL,
        NULL,
        NULL,
        NULL,
        '2000-01-01'
    ),
    (
        25,
        'Raymond Ledesma',
        'raymond',
        'cac29d7a34687eb14b37068ee4708e7b',
        'Male',
        '1986-02-19',
        'Cardio',
        480,
        '2022-06-02',
        2022,
        '12',
        '2954  Robinson Lane',
        '4785450002',
        'Active',
        2,
        0,
        0,
        '',
        '',
        '0000-00-00',
        0,
        NULL,
        NULL,
        NULL,
        NULL,
        NULL,
        '2000-01-01'
    ),
    (
        26,
        'Mattie F. Maher',
        'mattie',
        'cac29d7a34687eb14b37068ee4708e7b',
        'Female',
        '1995-05-18',
        'Sauna',
        420,
        '2022-06-01',
        2022,
        '12',
        '73 Settlers Lane',
        '9995554444',
        'Active',
        0,
        0,
        0,
        '',
        '',
        '0000-00-00',
        0,
        NULL,
        NULL,
        NULL,
        NULL,
        NULL,
        '2000-01-01'
    ),
    (
        27,
        'Justin C. Lusk',
        'justin',
        'cac29d7a34687eb14b37068ee4708e7b',
        'Male',
        '1995-12-12',
        'Cardio',
        40,
        '2022-05-30',
        2022,
        '1',
        '45 Bell Street',
        '3545785540',
        'Active',
        1,
        0,
        0,
        '',
        '',
        '0000-00-00',
        0,
        NULL,
        NULL,
        NULL,
        NULL,
        NULL,
        '2000-01-01'
    ),
    (
        29,
        'Kathy J. Glennon',
        'kathy',
        'cac29d7a34687eb14b37068ee4708e7b',
        'Female',
        '2022-06-02',
        'Fitness',
        330,
        '2022-06-02',
        0,
        '6',
        '87 Harry Place',
        '7896587458',
        'Active',
        0,
        0,
        0,
        '',
        '',
        '0000-00-00',
        0,
        NULL,
        NULL,
        NULL,
        NULL,
        NULL,
        '2000-01-01'
    ),
    (
        30,
        'Leslie Ajayi',
        'leslie-23',
        '25d55ad283aa400af464c76d713c07ad',
        'Male',
        '2025-04-25',
        'Fitness',
        0,
        NULL,
        NULL,
        '1',
        '8 Ave',
        '0271235555',
        'Pending',
        NULL,
        NULL,
        NULL,
        NULL,
        NULL,
        NULL,
        0,
        NULL,
        NULL,
        NULL,
        NULL,
        NULL,
        '2000-01-01'
    ),
    (
        31,
        'Leslie Ajayi',
        'leslie',
        '25d55ad283aa400af464c76d713c07ad',
        'Male',
        '2025-04-25',
        'Fitness',
        0,
        NULL,
        NULL,
        '3',
        '8 Osram Avenue',
        '027123456',
        'Pending',
        NULL,
        NULL,
        NULL,
        NULL,
        NULL,
        NULL,
        0,
        NULL,
        NULL,
        NULL,
        NULL,
        NULL,
        '2000-01-01'
    ),
    (
        32,
        'Leslie Ajayi',
        'leslie',
        '25d55ad283aa400af464c76d713c07ad',
        'Male',
        '2025-04-25',
        'Fitness',
        0,
        NULL,
        NULL,
        '3',
        '8 Osram Avenue',
        '027123456',
        'Active',
        NULL,
        NULL,
        NULL,
        NULL,
        NULL,
        NULL,
        0,
        NULL,
        NULL,
        NULL,
        NULL,
        NULL,
        '2000-01-01'
    ),
    (
        33,
        'Elton',
        'elton',
        '25d55ad283aa400af464c76d713c07ad',
        'Male',
        '2025-04-25',
        'Sauna',
        67,
        '2025-05-07',
        2025,
        '1',
        'JWH6+Q26, Accra',
        '000111444',
        'Active',
        NULL,
        NULL,
        NULL,
        NULL,
        NULL,
        NULL,
        0,
        NULL,
        NULL,
        NULL,
        NULL,
        NULL,
        '2000-01-01'
    ),
    (
        34,
        'Leslie Ajayi',
        'i_am.leslie',
        '25d55ad283aa400af464c76d713c07ad',
        'Male',
        '2025-04-26',
        'Fitness',
        0,
        NULL,
        NULL,
        '3',
        '8 Osram Avenue',
        '0271235566',
        'Pending',
        NULL,
        NULL,
        NULL,
        NULL,
        NULL,
        NULL,
        0,
        NULL,
        NULL,
        NULL,
        NULL,
        NULL,
        '2000-01-01'
    ),
    (
        35,
        'Leslie Ajayi',
        '233',
        '202cb962ac59075b964b07152d234b70',
        'Other',
        '2025-04-27',
        'Sauna',
        0,
        NULL,
        NULL,
        '',
        'Spintex',
        '0000000',
        'Pending',
        NULL,
        NULL,
        NULL,
        NULL,
        NULL,
        NULL,
        0,
        NULL,
        NULL,
        NULL,
        NULL,
        NULL,
        '2000-01-01'
    ),
    (
        36,
        'Leslie Ajayi',
        '233',
        '202cb962ac59075b964b07152d234b70',
        'Other',
        '2025-04-27',
        'Cardio',
        0,
        NULL,
        NULL,
        '',
        'Spintex',
        '0000000',
        'Pending',
        NULL,
        NULL,
        NULL,
        NULL,
        NULL,
        NULL,
        0,
        NULL,
        NULL,
        NULL,
        NULL,
        NULL,
        '2000-01-01'
    ),
    (
        37,
        'Leslie Ajayi',
        'leslie-233',
        'e165421110ba03099a1c0393373c5b43',
        'Male',
        '2025-04-27',
        'Fitness',
        100,
        NULL,
        NULL,
        '1',
        'Spintex',
        '123456',
        'Pending',
        NULL,
        NULL,
        NULL,
        NULL,
        NULL,
        NULL,
        0,
        NULL,
        NULL,
        NULL,
        NULL,
        NULL,
        '2000-01-01'
    ),
    (
        38,
        'Leslie Ajayi',
        'leslie-233',
        'e165421110ba03099a1c0393373c5b43',
        'Male',
        '2025-04-27',
        'Fitness',
        100,
        NULL,
        NULL,
        '1',
        'Spintex',
        '123456',
        'Pending',
        NULL,
        NULL,
        NULL,
        NULL,
        NULL,
        NULL,
        0,
        NULL,
        NULL,
        NULL,
        NULL,
        NULL,
        '2000-01-01'
    ),
    (
        39,
        'Leslie Ajayi',
        'Leslie-233',
        '81dc9bdb52d04dc20036dbd8313ed055',
        'Male',
        '2025-04-27',
        'Fitness',
        100,
        NULL,
        NULL,
        '1',
        '123 Main ',
        '0271235555',
        'Pending',
        NULL,
        NULL,
        NULL,
        NULL,
        NULL,
        NULL,
        0,
        NULL,
        NULL,
        NULL,
        NULL,
        NULL,
        '2000-01-01'
    ),
    (
        40,
        'Leslie Ajayi',
        'Leslie-233',
        '202cb962ac59075b964b07152d234b70',
        'Male',
        '2025-04-27',
        'Fitness',
        100,
        NULL,
        NULL,
        '1',
        '123 Main ',
        '0271235555',
        'Pending',
        NULL,
        NULL,
        NULL,
        NULL,
        NULL,
        NULL,
        0,
        NULL,
        NULL,
        NULL,
        NULL,
        NULL,
        '2000-01-01'
    ),
    (
        41,
        'Leslie Ajayi',
        'Leslie-234',
        '81dc9bdb52d04dc20036dbd8313ed055',
        'Male',
        '2025-04-27',
        'Fitness',
        100,
        NULL,
        NULL,
        '1',
        'Spintex',
        '0271237898',
        'Pending',
        NULL,
        NULL,
        NULL,
        NULL,
        NULL,
        NULL,
        0,
        NULL,
        NULL,
        NULL,
        NULL,
        NULL,
        '2000-01-01'
    ),
    (
        42,
        'Leslie Ajayi',
        'Leslie-234',
        '81dc9bdb52d04dc20036dbd8313ed055',
        'Male',
        '2025-04-27',
        'Fitness',
        100,
        NULL,
        NULL,
        '1',
        'Spintex',
        '0271237898',
        'Pending',
        NULL,
        NULL,
        NULL,
        NULL,
        NULL,
        NULL,
        0,
        NULL,
        NULL,
        NULL,
        NULL,
        NULL,
        '2000-01-01'
    ),
    (
        43,
        'Leslie A',
        'leslieajayi',
        '202cb962ac59075b964b07152d234b70',
        'Male',
        '2025-04-27',
        'Fitness',
        100,
        NULL,
        NULL,
        '1',
        'Spintex',
        '8521479633',
        'Pending',
        NULL,
        NULL,
        NULL,
        NULL,
        NULL,
        NULL,
        0,
        NULL,
        NULL,
        NULL,
        NULL,
        NULL,
        '2000-01-01'
    ),
    (
        44,
        'Leslie A',
        'leslieajayi',
        '698d51a19d8a121ce581499d7b701668',
        'Male',
        '2025-04-27',
        'Fitness',
        100,
        NULL,
        NULL,
        '1',
        'Spintex',
        '8521479633',
        'Pending',
        NULL,
        NULL,
        NULL,
        NULL,
        NULL,
        NULL,
        0,
        NULL,
        NULL,
        NULL,
        NULL,
        NULL,
        '2000-01-01'
    ),
    (
        45,
        'Leslie A',
        'leslieajayi',
        '202cb962ac59075b964b07152d234b70',
        'Male',
        '2025-04-27',
        'Fitness',
        100,
        NULL,
        NULL,
        '1',
        'Spintex',
        '8521479633',
        'Pending',
        NULL,
        NULL,
        NULL,
        NULL,
        NULL,
        NULL,
        0,
        NULL,
        NULL,
        NULL,
        NULL,
        NULL,
        '2000-01-01'
    ),
    (
        46,
        'Leslie Ajayi',
        'leslie-23',
        '202cb962ac59075b964b07152d234b70',
        'Male',
        '2025-04-27',
        'Fitness',
        100,
        NULL,
        NULL,
        '1',
        'Spintex',
        '8521479633',
        'Pending',
        NULL,
        NULL,
        NULL,
        NULL,
        NULL,
        NULL,
        0,
        NULL,
        NULL,
        NULL,
        NULL,
        NULL,
        '2000-01-01'
    ),
    (
        47,
        'Leslie Ajayi',
        'Leslie-23355',
        '202cb962ac59075b964b07152d234b70',
        'Male',
        '2025-04-27',
        'Sauna',
        250,
        NULL,
        NULL,
        '3',
        'Spintex',
        '8521479634',
        'Pending',
        NULL,
        NULL,
        NULL,
        NULL,
        NULL,
        NULL,
        0,
        NULL,
        NULL,
        NULL,
        NULL,
        NULL,
        '2000-01-01'
    ),
    (
        48,
        'tester',
        'tester001',
        '25d55ad283aa400af464c76d713c07ad',
        'Male',
        '2025-04-29',
        'Fitness',
        100,
        NULL,
        NULL,
        '1',
        'Spintex',
        '123456444',
        'Pending',
        NULL,
        NULL,
        NULL,
        NULL,
        NULL,
        NULL,
        0,
        NULL,
        NULL,
        NULL,
        NULL,
        NULL,
        '2000-01-01'
    ),
    (
        49,
        'tester',
        'tester001',
        '25d55ad283aa400af464c76d713c07ad',
        'Male',
        '2025-04-29',
        'Fitness',
        100,
        NULL,
        NULL,
        '1',
        'Spintex',
        '123456444',
        'Pending',
        NULL,
        NULL,
        NULL,
        NULL,
        NULL,
        NULL,
        0,
        NULL,
        NULL,
        NULL,
        NULL,
        NULL,
        '2000-01-01'
    ),
    (
        50,
        'tester',
        'tester001',
        '25d55ad283aa400af464c76d713c07ad',
        'Male',
        '2025-04-29',
        'Fitness',
        100,
        NULL,
        NULL,
        '1',
        'Spintex',
        '123456444',
        'Pending',
        NULL,
        NULL,
        NULL,
        NULL,
        NULL,
        NULL,
        0,
        NULL,
        NULL,
        NULL,
        NULL,
        NULL,
        '2000-01-01'
    ),
    (
        51,
        'tester',
        'tester001',
        '25d55ad283aa400af464c76d713c07ad',
        'Male',
        '2025-04-29',
        'Fitness',
        100,
        NULL,
        NULL,
        '1',
        'Spintex',
        '123456444',
        'Pending',
        NULL,
        NULL,
        NULL,
        NULL,
        NULL,
        NULL,
        0,
        NULL,
        NULL,
        NULL,
        NULL,
        NULL,
        '2000-01-01'
    ),
    (
        52,
        'tester',
        'tester001',
        '25d55ad283aa400af464c76d713c07ad',
        'Male',
        '2025-04-29',
        'Fitness',
        100,
        NULL,
        NULL,
        '1',
        'Spintex',
        '123456444',
        'Pending',
        NULL,
        NULL,
        NULL,
        NULL,
        NULL,
        NULL,
        0,
        NULL,
        NULL,
        NULL,
        NULL,
        NULL,
        '2000-01-01'
    ),
    (
        53,
        'Leslie Ajayi',
        'LAA',
        '25d55ad283aa400af464c76d713c07ad',
        'Male',
        '2025-04-29',
        'Fitness',
        450,
        NULL,
        NULL,
        '6',
        'Spintex',
        '01254121',
        'Pending',
        NULL,
        NULL,
        NULL,
        NULL,
        NULL,
        NULL,
        0,
        NULL,
        NULL,
        NULL,
        NULL,
        NULL,
        '2000-01-01'
    ),
    (
        54,
        'Leslie Ajayi',
        'LAA',
        '25d55ad283aa400af464c76d713c07ad',
        'Male',
        '2025-04-29',
        'Fitness',
        450,
        NULL,
        NULL,
        '6',
        'Spintex',
        '01254121',
        'Pending',
        NULL,
        NULL,
        NULL,
        NULL,
        NULL,
        NULL,
        0,
        NULL,
        NULL,
        NULL,
        NULL,
        NULL,
        '2000-01-01'
    ),
    (
        55,
        'Leslie Ajayi',
        'LAA',
        '25d55ad283aa400af464c76d713c07ad',
        'Male',
        '2025-04-29',
        'Fitness',
        450,
        NULL,
        NULL,
        '6',
        'Spintex',
        '01254121',
        'Pending',
        NULL,
        NULL,
        NULL,
        NULL,
        NULL,
        NULL,
        0,
        NULL,
        NULL,
        NULL,
        NULL,
        NULL,
        '2000-01-01'
    ),
    (
        56,
        'Leslie Ajayi',
        'LAA',
        '25d55ad283aa400af464c76d713c07ad',
        'Male',
        '2025-04-29',
        'Fitness',
        450,
        NULL,
        NULL,
        '6',
        'Spintex',
        '01254121',
        'Pending',
        NULL,
        NULL,
        NULL,
        NULL,
        NULL,
        NULL,
        0,
        NULL,
        NULL,
        NULL,
        NULL,
        NULL,
        '2000-01-01'
    ),
    (
        57,
        'Leslie A',
        'i_am.leslie',
        '25d55ad283aa400af464c76d713c07ad',
        'Female',
        '2025-04-29',
        'Fitness',
        100,
        NULL,
        NULL,
        '1',
        'Spintex',
        '8521479637',
        'Pending',
        NULL,
        NULL,
        NULL,
        NULL,
        NULL,
        NULL,
        0,
        NULL,
        NULL,
        NULL,
        NULL,
        NULL,
        '2000-01-01'
    ),
    (
        58,
        'Leslie A',
        'i_am.leslie',
        '25d55ad283aa400af464c76d713c07ad',
        'Female',
        '2025-04-29',
        'Fitness',
        100,
        NULL,
        NULL,
        '1',
        'Spintex',
        '8521479637',
        'Pending',
        NULL,
        NULL,
        NULL,
        NULL,
        NULL,
        NULL,
        0,
        NULL,
        NULL,
        NULL,
        NULL,
        NULL,
        '2000-01-01'
    ),
    (
        59,
        'Leslie Ajayi',
        'i_am.leslie001',
        '25d55ad283aa400af464c76d713c07ad',
        'Male',
        '2025-04-29',
        'Fitness',
        250,
        NULL,
        NULL,
        '3',
        'Spintex',
        '8521479454',
        'Pending',
        NULL,
        NULL,
        NULL,
        NULL,
        NULL,
        NULL,
        0,
        NULL,
        NULL,
        NULL,
        NULL,
        NULL,
        '2000-01-01'
    ),
    (
        60,
        'Leslie Ajayi',
        'i_am.leslie0022',
        '25d55ad283aa400af464c76d713c07ad',
        'Male',
        '2025-04-29',
        'Fitness',
        250,
        NULL,
        NULL,
        '3',
        'Spintex',
        '8521479454',
        'Pending',
        NULL,
        NULL,
        NULL,
        NULL,
        NULL,
        NULL,
        0,
        '',
        NULL,
        NULL,
        NULL,
        NULL,
        '2000-01-01'
    ),
    (
        61,
        'Marylyn Johnson',
        'leslieajayi233',
        '25d55ad283aa400af464c76d713c07ad',
        'Male',
        '2025-04-30',
        'Sauna',
        800,
        NULL,
        NULL,
        '12',
        '8 Osram Avenue',
        '852147911',
        'Pending',
        NULL,
        NULL,
        NULL,
        NULL,
        NULL,
        NULL,
        0,
        'leslieajayi27@gmail.com',
        NULL,
        NULL,
        NULL,
        NULL,
        '2000-01-01'
    ),
    (
        62,
        'mJ',
        'mmJJ',
        '25d55ad283aa400af464c76d713c07ad',
        'Male',
        '2025-04-30',
        'Sauna',
        450,
        NULL,
        NULL,
        '6',
        '8 Osram Ave.',
        '8521471250',
        'Pending',
        NULL,
        NULL,
        NULL,
        NULL,
        NULL,
        NULL,
        0,
        'leslieajayi27@gmail.com',
        124578,
        NULL,
        NULL,
        NULL,
        '2000-01-01'
    ),
    (
        63,
        'leslieAAA',
        'leslieAAA',
        '25d55ad283aa400af464c76d713c07ad',
        'Male',
        '2025-04-30',
        'Fitness',
        800,
        NULL,
        NULL,
        '12',
        '8 Osram Ave.',
        '000233000',
        'Pending',
        NULL,
        NULL,
        NULL,
        NULL,
        NULL,
        NULL,
        0,
        'leslieajayi@gmail.com',
        NULL,
        NULL,
        NULL,
        NULL,
        '2000-01-01'
    ),
    (
        64,
        'Marylyn Johnson',
        'mJJ',
        '25d55ad283aa400af464c76d713c07ad',
        'Male',
        '2025-05-01',
        'Fitness',
        800,
        NULL,
        NULL,
        '12',
        '8 Osram Avenue',
        '1234567',
        'Active',
        NULL,
        NULL,
        NULL,
        NULL,
        NULL,
        NULL,
        0,
        'leslieajayi27@gmail.comm',
        NULL,
        NULL,
        '2025-05-01 04:48:20',
        NULL,
        '2000-01-01'
    ),
    (
        65,
        'Marylyn Johnson22',
        'i_am.leslie00000002',
        '25d55ad283aa400af464c76d713c07ad',
        'Male',
        '2025-05-01',
        'Sauna',
        800,
        NULL,
        NULL,
        '12',
        '8 Osram Avenue',
        '8521479410',
        'Active',
        NULL,
        NULL,
        NULL,
        NULL,
        NULL,
        NULL,
        0,
        'leslieajayi27@gmail.comm2',
        NULL,
        NULL,
        '2025-05-01 05:24:01',
        'cc1.jpg',
        '2000-01-01'
    ),
    (
        66,
        'testing 123',
        'testing123',
        '25d55ad283aa400af464c76d713c07ad',
        'Male',
        '2025-05-01',
        'Fitness',
        450,
        NULL,
        NULL,
        '6',
        'JWH6+Q26, Accra',
        '027123344',
        'Active',
        NULL,
        NULL,
        NULL,
        NULL,
        NULL,
        NULL,
        0,
        'user@testing1.com',
        NULL,
        NULL,
        '2025-05-01 09:38:05',
        'cc1.jpg',
        '2007-05-01'
    ),
    (
        67,
        'MarylynV Johnson',
        'mvjjj',
        'e10adc3949ba59abbe56e057f20f883e',
        'Female',
        '2025-05-01',
        'Fitness',
        800,
        NULL,
        NULL,
        '12',
        '8 Osram Avenue',
        '000000011',
        'Pending',
        NULL,
        NULL,
        NULL,
        NULL,
        NULL,
        NULL,
        0,
        'leslieajayi27@gmail.commmmm',
        NULL,
        NULL,
        NULL,
        '',
        '2007-04-30'
    ),
    (
        68,
        'MarylynVJohnson',
        'mvjjjjj',
        '25d55ad283aa400af464c76d713c07ad',
        'Female',
        '2025-05-01',
        'Fitness',
        800,
        NULL,
        NULL,
        '12',
        '8 Osram Avenue',
        '000000011',
        'Pending',
        NULL,
        NULL,
        NULL,
        NULL,
        NULL,
        NULL,
        0,
        'leslieajayi27@gmail.commm',
        NULL,
        NULL,
        NULL,
        '',
        '2007-04-30'
    ),
    (
        69,
        'MarylynVJohnson',
        'mvjjjjjjj',
        'e10adc3949ba59abbe56e057f20f883e',
        'Female',
        '2025-05-01',
        'Fitness',
        800,
        NULL,
        NULL,
        '12',
        '8 Osram Avenue',
        '000000011',
        'Active',
        NULL,
        NULL,
        NULL,
        NULL,
        NULL,
        NULL,
        0,
        'leslieajayi27@gmail.commmj',
        NULL,
        NULL,
        '2025-05-01 16:24:40',
        '',
        '2007-04-30'
    ),
    (
        70,
        'Marylyn Johnson7',
        'm7',
        '$2y$12$zcyy4A1S1PGrxtnTJc7X/.sfNwes18aj9KMXrxivg5UDl39dtB5yK',
        'Male',
        '2025-05-01',
        'Fitness',
        800,
        NULL,
        NULL,
        '12',
        '8 Osram Avenue',
        '0272468',
        'Active',
        NULL,
        NULL,
        NULL,
        NULL,
        NULL,
        NULL,
        1,
        'leslieajayi27@gmail.community',
        NULL,
        NULL,
        '2025-05-01 16:54:09',
        'cc1.jpg',
        '2007-05-01'
    ),
    (
        71,
        'Leslie Paul',
        'lesliePeePaul',
        '$2y$12$Vc36Hi.Bl0H9JzHu2iHnbeCDjVF82DodmGlTLQa2Z.Dhb9Hnx2ady',
        'Female',
        '2025-05-02',
        'Sauna',
        450,
        NULL,
        NULL,
        '6',
        '8 Osram Av',
        '02724689',
        'Pending',
        NULL,
        NULL,
        NULL,
        NULL,
        NULL,
        NULL,
        0,
        'leslie2025@gmail.com',
        NULL,
        NULL,
        NULL,
        '',
        '2003-11-23'
    ),
    (
        72,
        'Leslie Paul',
        'lesliePeePaulinemm',
        '$2y$12$bAEE5h75gA7cxKQmQmMX/uePv7GwpucJgLe5VKDj3ESQUaycjx.5G',
        'Female',
        '2025-05-02',
        'Sauna',
        450,
        NULL,
        NULL,
        '6',
        '8 Osram Av',
        '02724689',
        'Pending',
        NULL,
        NULL,
        NULL,
        NULL,
        NULL,
        NULL,
        0,
        'leslie2025@gmail.commm',
        NULL,
        NULL,
        NULL,
        '',
        '2003-11-23'
    ),
    (
        73,
        'Leslie PaulQQ',
        'lesliePeePaulineQQ',
        '$2y$12$WpAa2QZ5ruqvdrBBlKBqxOiE/UrnhvgBPnKsH8Vy9zlA3Mjx82P4u',
        'Female',
        '2025-05-02',
        'Sauna',
        450,
        NULL,
        NULL,
        '6',
        '8 Osram Av',
        '02724689',
        'Active',
        NULL,
        NULL,
        NULL,
        NULL,
        NULL,
        NULL,
        0,
        'leslie2025@gmail.comQQ',
        NULL,
        NULL,
        '2025-05-02 13:11:42',
        '',
        '2003-11-23'
    ),
    (
        74,
        'www',
        'www',
        '$2y$12$55CuY.OZVqNRTUFPDsURbulgZX1YB2FCnUiHAel3gdDPul5xlkdEm',
        'Male',
        '2025-05-20',
        'Fitness',
        800,
        NULL,
        NULL,
        '12',
        'JWH6+Q26, Accra',
        '0271235556',
        'Active',
        NULL,
        NULL,
        NULL,
        NULL,
        NULL,
        NULL,
        0,
        'www@gmail.com',
        NULL,
        NULL,
        '2025-05-20 04:36:46',
        'cc1.jpg',
        '2007-05-20'
    ),
    (
        75,
        'Leslie Ajayi',
        'leslie-00233',
        '$2y$12$B4FcSjQk7gRpY.pw.F9kG.LMNk3PJb2yBemrwROHxzK.CUllfQjwm',
        'Male',
        '2025-05-26',
        'Fitness',
        450,
        NULL,
        NULL,
        '6',
        '8 Osram Avenue',
        '000000000',
        'Pending',
        NULL,
        NULL,
        NULL,
        NULL,
        NULL,
        NULL,
        0,
        'leslieajayi233@gmail.com',
        NULL,
        NULL,
        NULL,
        'cc1.jpg',
        '2007-05-26'
    ),
    (
        76,
        'Davin Johnsonn',
        'Davin',
        '$2y$12$yaURIOB3SuJfo2X0DKi0HeevvIRNo4Sgb999t4QD6AQ0GiwzADSvm',
        'Male',
        '2025-05-26',
        'Cardio',
        800,
        NULL,
        NULL,
        '12',
        'Spintex',
        '0271233212',
        'Active',
        NULL,
        NULL,
        NULL,
        NULL,
        NULL,
        NULL,
        0,
        'davin@gmail.com',
        NULL,
        NULL,
        '2025-05-26 01:17:58',
        '649066c6-7c19-47cd-821a-ea3d836e953f.jpeg',
        '2003-11-23'
    ),
    (
        77,
        'richard yu',
        'richardYu',
        '$2y$12$YUTdup.vuL.rmi.dYOTpXOYjXIjjkr8.6pt56Qjmq6EIELwpRCQMG',
        'Male',
        '2025-05-26',
        'Sauna',
        450,
        NULL,
        NULL,
        '6',
        'Spintex',
        '2333322110',
        'Active',
        NULL,
        NULL,
        123,
        NULL,
        'Ectomorph',
        '2025-05-26',
        0,
        'richard@gmail.com',
        NULL,
        NULL,
        '2025-05-26 01:25:13',
        '',
        '2007-05-26'
    ),
    (
        78,
        'Levesque',
        'Levesques',
        '$2y$12$0cHr.FxNHKy8fjXiSDat1OVmyQCYPmFt18Lgxsp8K7yV.c6H6r7Ny',
        'Male',
        '2025-05-26',
        'Sauna',
        450,
        NULL,
        NULL,
        '6',
        'Spintex',
        '1237894560',
        'Pending',
        NULL,
        NULL,
        NULL,
        NULL,
        NULL,
        NULL,
        0,
        'levesque@gmail.com',
        NULL,
        NULL,
        NULL,
        '',
        '2000-11-23'
    ),
    (
        79,
        'Roman',
        'Roman',
        '$2y$12$..qjwX1XCPdiBFYPhPvInerTTcwYGRZ60o/GJvFZxrtXg.5DLksYC',
        'Male',
        '2025-05-26',
        'Sauna',
        800,
        NULL,
        NULL,
        '12',
        'Spintex',
        '1284738686',
        'Pending',
        NULL,
        NULL,
        NULL,
        NULL,
        NULL,
        NULL,
        0,
        'roman@gmail.com',
        NULL,
        NULL,
        NULL,
        '',
        '1984-04-26'
    ),
    (
        80,
        'Roman2',
        'Roman2',
        '$2y$12$Fq/dE0ngH7reH.h02mKiy.ePZ5.CDxQ8z1qFO4/kAEx/o3onAnKX.',
        'Male',
        '2025-05-26',
        'Fitness',
        450,
        NULL,
        NULL,
        '6',
        'Spintex',
        '9484838182',
        'Pending',
        NULL,
        NULL,
        NULL,
        NULL,
        NULL,
        NULL,
        0,
        'roman2@gmail.com',
        NULL,
        NULL,
        NULL,
        '',
        '1987-05-26'
    ),
    (
        81,
        'Punk Johnson',
        'punk',
        '$2y$12$L8l2TsmRKunAZOF/ecnuyOlH6djM/JMD1cP9C4SJyQsb.l.ybV0R6',
        'Male',
        '2025-05-26',
        'Fitness',
        800,
        NULL,
        NULL,
        '12',
        '8 Osram Avenue',
        '1122334412',
        'Active',
        NULL,
        NULL,
        NULL,
        NULL,
        NULL,
        NULL,
        0,
        'punk@gmail.com',
        NULL,
        NULL,
        '2025-05-26 02:22:19',
        '',
        '2007-05-25'
    ),
    (
        82,
        'Joycelyn Elli ',
        'joycelyn',
        '$2y$12$WvxfjNEesC1j69VRtkxjFuU.N2XPixutWDiBexlMOEFWScte8DZdy',
        'Male',
        '2025-05-26',
        'Fitness',
        450,
        NULL,
        NULL,
        '6',
        'Spintex',
        '0504459284',
        'Active',
        NULL,
        NULL,
        NULL,
        NULL,
        NULL,
        NULL,
        0,
        'joycelyn@gmail.com',
        NULL,
        NULL,
        '2025-05-26 12:35:10',
        '',
        '2007-05-26'
    ),
    (
        83,
        'modric luka',
        'modric',
        '$2y$12$L5ByeYjHVKZQvXcjTzabku4CA1dlint3ccaUODBWQ1XzQV7pnMD7i',
        'Male',
        '2025-05-27',
        'Fitness',
        800,
        NULL,
        NULL,
        '12',
        'Spintex',
        '0022113344',
        'Active',
        NULL,
        NULL,
        NULL,
        NULL,
        NULL,
        NULL,
        0,
        'modric@gmail.com',
        NULL,
        NULL,
        '2025-05-27 09:51:41',
        '../img/cc1.jpg',
        '2007-05-27'
    ),
    (
        84,
        'Kylian Mbappe',
        'Kylian',
        '$2y$12$EQjLfeDVPVJ9/cpYZ0Y4UuvY9hIS2puHoa8IPW1Ji0yr7X8YoxB.q',
        'Male',
        '2025-05-27',
        'Sauna',
        800,
        NULL,
        NULL,
        '12',
        'France',
        '0003300000',
        'Active',
        NULL,
        NULL,
        NULL,
        NULL,
        NULL,
        NULL,
        0,
        'kylian@gmail.com',
        NULL,
        NULL,
        '2025-05-27 10:46:17',
        '9E85F6DA-D67E-4560-B4CA-B92474FF1258.jpeg',
        '1954-05-27'
    ),
    (
        85,
        'Valerie',
        'Valerie',
        '$2y$12$bVD4BVxzrw3stOK4.mN9p.5ATDjoB2PS8clKRkRYqTit1Bq.Rl0BO',
        'Female',
        '2025-05-27',
        'Sauna',
        250,
        NULL,
        NULL,
        '3',
        'Weekdjd',
        '0001111224',
        'Active',
        NULL,
        NULL,
        NULL,
        NULL,
        NULL,
        NULL,
        0,
        'valerie@gmail.com',
        NULL,
        NULL,
        '2025-05-27 11:34:26',
        'd376c8fb-0955-40c3-8e38-18cbb5a7d6d6.jpeg',
        '1858-05-27'
    ),
    (
        86,
        'Rooney Wayne ',
        'Rooney',
        '$2y$12$t68kl0dKDt37xXvY5CpOYuUtVZeKx73iZmZfPlimE1L7Yph3ooOUm',
        'Male',
        '2025-05-28',
        'Sauna',
        100,
        NULL,
        NULL,
        '1',
        'Spintex',
        '1212343456',
        'Active',
        NULL,
        NULL,
        NULL,
        NULL,
        NULL,
        NULL,
        0,
        'Rooney@gmail.com',
        NULL,
        NULL,
        '2025-05-28 13:00:23',
        'a44b72b7-a860-4cf1-8605-e76c4eba7c02.jpeg',
        '1980-05-28'
    ),
    (
        87,
        'Van Persie',
        'Van',
        '$2y$12$Y3IfD8qagQ1cRzWiBlWjL.EuqgQQr9VEjSyn6gNDNba65aYY7lluy',
        'Male',
        '2025-05-28',
        'Sauna',
        800,
        NULL,
        NULL,
        '12',
        'Spintex',
        '2468101214',
        'Active',
        NULL,
        NULL,
        NULL,
        NULL,
        NULL,
        NULL,
        0,
        'Van@gmail.com',
        NULL,
        NULL,
        '2025-05-28 13:17:53',
        '432880c3-a106-4ecd-bed2-b6ecbc8a584c.jpeg',
        '1989-05-28'
    ),
    (
        88,
        'Agogo Ye',
        'Agogo',
        '$2y$12$a4Ks4psedY9.u5WCxRymsurvUSZGOjVTyo4kLRitsai3jekQmh.Qm',
        'Male',
        '2025-05-28',
        'Sauna',
        450,
        NULL,
        NULL,
        '6',
        'Spintex',
        '3691215181',
        'Active',
        NULL,
        NULL,
        NULL,
        NULL,
        NULL,
        NULL,
        0,
        'Agogo@gmail.com',
        NULL,
        NULL,
        '2025-05-28 13:51:10',
        'be58746c-16ed-43e0-a77b-b9ba836dd438.jpeg',
        '1980-05-28'
    ),
    (
        89,
        'Mimo Avvv',
        'mimo',
        '$2y$12$/7Vy3863giXWXScn9c4Sve50stcuJQ.WFilGz1Dd3gqjty8UcFC3a',
        'Male',
        '2025-05-28',
        'Fitness',
        800,
        NULL,
        NULL,
        '12',
        'Spintex',
        '0271239977',
        'Pending',
        NULL,
        NULL,
        NULL,
        NULL,
        NULL,
        NULL,
        0,
        'Mimo@gmail.com',
        NULL,
        NULL,
        NULL,
        'cc1.jpg',
        '2007-05-28'
    ),
    (
        90,
        'p p',
        'pp',
        '$2y$12$wqTgd7mjruInYTcq/RwjQusqYpRfLzsllrh3EFKrgLfxKyuLaxxXC',
        'Male',
        '2025-05-28',
        'Fitness',
        250,
        NULL,
        NULL,
        '3',
        '8 Osram Avenue',
        '0000000022',
        'Active',
        NULL,
        NULL,
        NULL,
        NULL,
        NULL,
        NULL,
        0,
        'ppp@gmail.com',
        NULL,
        NULL,
        '2025-05-28 21:18:57',
        'cc1.jpg',
        '2007-05-28'
    ),
    (
        91,
        'qq',
        'qq',
        '$2y$12$lTyRxbA2zL3lZRPztvB70eNfeSkRrBQeyFtT5miqEJRVVK/BGgr6C',
        'Male',
        '2025-05-28',
        'Fitness',
        800,
        NULL,
        NULL,
        '12',
        '8 Osram Avenue',
        '0000000023',
        'Active',
        NULL,
        NULL,
        NULL,
        NULL,
        NULL,
        NULL,
        0,
        'qq@gmail.com',
        NULL,
        NULL,
        '2025-05-28 21:40:17',
        'eltonDSA-img.png',
        '2007-05-28'
    ),
    (
        92,
        'quack',
        'quack',
        '$2y$12$a.zDfxR6eyCS3Wm.Mny0MOP4gH7Qy4ybfb7YP5wnx5F4IrQKI7Rvu',
        'Female',
        '2025-05-28',
        'Fitness',
        450,
        NULL,
        NULL,
        '6',
        'Spintex',
        '0000000024',
        'Active',
        NULL,
        NULL,
        NULL,
        NULL,
        NULL,
        NULL,
        0,
        'quack@gmail.com',
        NULL,
        NULL,
        '2025-05-28 21:49:16',
        'eltonDSA-img.png',
        '2007-05-28'
    ),
    (
        93,
        'quackeroo',
        'quackeroo',
        '$2y$12$Cf94Zq1fMHX3bkCs9X4Pv.H19HqKdzZF0TTy0XzIu3Q0gKKK738wG',
        'Male',
        '2025-05-28',
        'Fitness',
        450,
        NULL,
        NULL,
        '6',
        'Spintex',
        '0000000025',
        'Active',
        NULL,
        NULL,
        NULL,
        NULL,
        NULL,
        NULL,
        0,
        'quackeroo@gmail.com',
        NULL,
        NULL,
        '2025-05-28 22:12:28',
        'dx-1.png',
        '2007-05-28'
    ),
    (
        94,
        'kwaku G',
        'kwaku',
        '$2y$12$iJU5CjzVIHFn8tJmrJXZ.ONTlUu0HNEwoDA2uOW2UZ22qTnIfUBRW',
        'Male',
        '2025-05-28',
        'Fitness',
        450,
        NULL,
        NULL,
        '6',
        'Spintex',
        '0000000026',
        'Active',
        NULL,
        NULL,
        NULL,
        NULL,
        NULL,
        NULL,
        0,
        'kwaku@gmail.com',
        NULL,
        NULL,
        '2025-05-28 22:21:36',
        'dx-1.png',
        '2007-05-28'
    ),
    (
        95,
        'abena kobena',
        'abenaK',
        '$2y$12$vacQFeUl/y/RV7XXptkzHOfGq/VEZ8r9T7AXZ9faul3WQxeep3y/u',
        'Female',
        '2025-05-28',
        'Fitness',
        800,
        NULL,
        NULL,
        '12',
        'Spintex',
        '0000000027',
        'Active',
        NULL,
        NULL,
        NULL,
        NULL,
        NULL,
        NULL,
        0,
        'abena@gmail.com',
        NULL,
        NULL,
        '2025-05-28 22:49:29',
        '',
        '2007-05-28'
    ),
    (
        96,
        'Jerry eze',
        'Jerry',
        '$2y$12$FAcdccm6sHOSx2wb6ED7a.cuX7pKUSpWBacodMHV928WmlNpjzPKS',
        'Male',
        '2025-05-28',
        'Sauna',
        800,
        NULL,
        NULL,
        '12',
        'JWH6+Q26, Accra',
        '0000000028',
        'Pending',
        NULL,
        NULL,
        NULL,
        NULL,
        NULL,
        NULL,
        0,
        'Jerry@gmail.com',
        NULL,
        NULL,
        NULL,
        '',
        '1966-05-28'
    ),
    (
        97,
        'Monkey Hundred',
        'monkey',
        '$2y$12$b7hTy4kh3OgXG1En2qR2QujSs.5oa.6rKLk/0bui1dEYEGPRKAxle',
        'Male',
        '2025-05-28',
        'Fitness',
        800,
        NULL,
        NULL,
        '12',
        'JWH6+Q26, Accra',
        '0000000029',
        'Pending',
        NULL,
        NULL,
        NULL,
        NULL,
        NULL,
        NULL,
        0,
        'Monkey@gmail.com',
        NULL,
        NULL,
        NULL,
        '',
        '2007-05-28'
    ),
    (
        98,
        'Money Cedis',
        'money',
        '$2y$12$LhEUVsncKFOkGHUo7uZQB.5eVBuiIXrDkqKS6h8n1ATf41MAiic3G',
        'Male',
        '2025-05-28',
        'Fitness',
        800,
        NULL,
        NULL,
        '12',
        'Spintex',
        '0000000030',
        'Pending',
        NULL,
        NULL,
        NULL,
        NULL,
        NULL,
        NULL,
        0,
        'Money@gmail.com',
        NULL,
        NULL,
        NULL,
        '',
        '2007-05-28'
    ),
    (
        99,
        'Bronya ',
        'Bronya',
        '$2y$12$Me70qe.AVsSHwkx5mWxSy.4Hsl/PoHEPhn1icQ8xZJUr.fPG6Gmr2',
        'Male',
        '2025-05-28',
        'Fitness',
        100,
        NULL,
        NULL,
        '1',
        'Spintex',
        '0000000032',
        'Active',
        NULL,
        NULL,
        NULL,
        NULL,
        NULL,
        NULL,
        0,
        'bronyaa@gmail.com',
        NULL,
        NULL,
        '2025-05-28 23:58:48',
        '../uploads/profiles/user_99_1748478666.png',
        '1992-05-28'
    ),
    (
        100,
        'loo',
        'loo',
        '$2y$12$v40Jk4RCyvh1m.9/gYuGFOLGVRiTeM.hdeUK8y/kFODyo2S84Ow1S',
        'Male',
        '2025-05-29',
        'Fitness',
        800,
        NULL,
        NULL,
        '12',
        'Spintex',
        '0000000031',
        'Pending',
        NULL,
        NULL,
        NULL,
        NULL,
        NULL,
        NULL,
        0,
        'loo@gmail.com',
        NULL,
        NULL,
        NULL,
        'img/default-male-avatar.png',
        '2007-05-28'
    ),
    (
        101,
        'Zidane Zin',
        'Zidane',
        '$2y$12$Ag4NQ7GUJUcjUlIJDK3Esu5RRiVxFm5.vGUshnwLlzWZ1lzROn3Sy',
        'Male',
        '2025-05-30',
        'Cardio',
        250,
        NULL,
        NULL,
        '3',
        'Spintex',
        '0000001111',
        'Pending',
        NULL,
        NULL,
        NULL,
        NULL,
        NULL,
        NULL,
        0,
        'zidane@gmail.com',
        NULL,
        NULL,
        NULL,
        'uploads/profile_pictures/profile_6839b4bfa2dcf3.72539609.jpeg',
        '1996-05-30'
    ),
    (
        102,
        'Zidane Zin',
        'Zidane1996',
        '$2y$12$kGLdUug7tk2b32X3V1wDLeKFjh7s1Z4u50uvqLpyAhWYqZJqk053m',
        'Male',
        '2025-05-30',
        'Cardio',
        250,
        NULL,
        NULL,
        '3',
        'Spintex',
        '0000001111',
        'Active',
        NULL,
        NULL,
        NULL,
        NULL,
        NULL,
        NULL,
        0,
        'zidane1996@gmail.com',
        NULL,
        NULL,
        '2025-05-30 13:42:24',
        '../uploads/profiles/user_102_1748612682.jpeg',
        '1996-05-30'
    ),
    (
        103,
        'Samuel Eto',
        'SamEto',
        '$2y$12$vC6pSOioPpEU71Mo91O9c.BxSJyvqOd00iJelfTh.yv5c4R1/IjZa',
        'Male',
        '2025-05-31',
        'Fitness',
        800,
        NULL,
        NULL,
        '12',
        'Spintex',
        '0000000033',
        'Active',
        NULL,
        NULL,
        NULL,
        NULL,
        NULL,
        NULL,
        0,
        'Samuel@gmail.com',
        NULL,
        NULL,
        '2025-05-31 04:28:49',
        '../uploads/profiles/user_103_1748665894.jpg',
        '2007-05-31'
    ),
    (
        104,
        'Lionel Messi',
        'Messi',
        '$2y$12$gdQv8BdmP./Wxdq2h3xdiuBDvLrvLMLsEsVoyKAfafxFU3CM6AH.O',
        'Male',
        '2025-05-31',
        'Fitness',
        800,
        NULL,
        NULL,
        '12',
        'JWH6+Q26, Accra',
        '0000000034',
        'Active',
        NULL,
        NULL,
        NULL,
        NULL,
        NULL,
        NULL,
        0,
        'Lionel@gmail.com',
        NULL,
        NULL,
        '2025-05-31 04:42:54',
        '../uploads/profiles/user_104_1748666752.png',
        '2007-05-31'
    ),
    (
        105,
        'Lebron James',
        'KingJames',
        '$2y$12$KjwBbno71qbW37i/qx3eOuGBngGP9ao0fcLF3IsXHvWZ03q6J2WoG',
        'Male',
        '2025-05-31',
        'Fitness',
        800,
        NULL,
        NULL,
        '12',
        'Spintex',
        '0000000035',
        'Active',
        NULL,
        NULL,
        NULL,
        NULL,
        NULL,
        NULL,
        0,
        'Lebron@gmail.com',
        NULL,
        NULL,
        '2025-05-31 04:59:15',
        '../uploads/profiles/user_105_1748697225.jpg',
        '2007-05-31'
    ),
    (
        106,
        'Qwee Sanders',
        'QueeSanders003',
        '$2y$12$3yhTD2wvjcnOdtVm9Z4nc.QcyoYF3fzAntyOvtUxXnl6xK4mSKBE6',
        'Male',
        '2025-05-31',
        'Fitness',
        800,
        NULL,
        NULL,
        '12',
        'JWH6+Q26, Accra',
        '0000000036',
        'Active',
        NULL,
        NULL,
        NULL,
        NULL,
        NULL,
        NULL,
        0,
        'qwee@gmail.com',
        NULL,
        NULL,
        '2025-05-31 13:34:25',
        '../uploads/profile_pictures/user_106_1748700104.png',
        '2007-05-31'
    ),
    (
        107,
        'Roberta Queen',
        'Roberta1234',
        '$2y$12$kAf7FRevTwWtJsNuT78T0OTKrUalKFaxNogNMqFVEsyoVDryuqQGK',
        'Female',
        '2025-05-31',
        'Fitness',
        250,
        NULL,
        NULL,
        '3',
        'Spintex',
        '0000000037',
        'Active',
        NULL,
        NULL,
        NULL,
        NULL,
        NULL,
        NULL,
        0,
        'roberta@gmail.com',
        NULL,
        NULL,
        '2025-05-31 14:09:23',
        'uploads/profiles/user_107_1748701570.png',
        '2007-05-23'
    ),
    (
        108,
        'Blessing Grace',
        'Blessing123456',
        '$2y$12$UIH8.F2TpXGa/CeFH8bYFuysoS7rUXtZ0wFOu1ZtsGMfPl1atexJm',
        'Female',
        '2025-05-31',
        'Fitness',
        800,
        NULL,
        NULL,
        '12',
        'Spintex',
        '0000000040',
        'Active',
        NULL,
        NULL,
        NULL,
        NULL,
        NULL,
        NULL,
        0,
        'Blessing@gmail.com',
        NULL,
        NULL,
        '2025-05-31 15:12:14',
        'uploads/profiles/user_108_1748705131.png',
        '2007-05-31'
    );
-- --------------------------------------------------------
--
-- Table structure for table `members_fitness`
--
DROP TABLE IF EXISTS `members_fitness`;
CREATE TABLE IF NOT EXISTS `members_fitness` (
    `id` int NOT NULL AUTO_INCREMENT,
    `user_id` int NOT NULL,
    `user_weight` double NOT NULL,
    `user_height` double NOT NULL,
    `user_bodytype` varchar(30) CHARACTER SET utf8mb4 COLLATE utf8mb4_0900_ai_ci NOT NULL,
    `preferred_workout_plan_1` int NOT NULL,
    `fitness_goal_1` varchar(80) CHARACTER SET utf8mb4 COLLATE utf8mb4_0900_ai_ci NOT NULL,
    `fitness_goal_2` varchar(80) CHARACTER SET utf8mb4 COLLATE utf8mb4_0900_ai_ci NOT NULL,
    `fitness_goal_3` varchar(80) CHARACTER SET utf8mb4 COLLATE utf8mb4_0900_ai_ci NOT NULL,
    `health_condition` text CHARACTER SET utf8mb4 COLLATE utf8mb4_0900_ai_ci,
    `preferred_workout_plan_2` int NOT NULL,
    `preferred_workout_plan_3` int NOT NULL,
    `experience_level` int NOT NULL,
    `health_condition_desc` text CHARACTER SET utf8mb4 COLLATE utf8mb4_0900_ai_ci,
    PRIMARY KEY (`id`)
) ENGINE = InnoDB AUTO_INCREMENT = 108 DEFAULT CHARSET = utf8mb4 COLLATE = utf8mb4_0900_ai_ci;
--
-- Dumping data for table `members_fitness`
--
INSERT INTO `members_fitness` (
        `id`,
        `user_id`,
        `user_weight`,
        `user_height`,
        `user_bodytype`,
        `preferred_workout_plan_1`,
        `fitness_goal_1`,
        `fitness_goal_2`,
        `fitness_goal_3`,
        `health_condition`,
        `preferred_workout_plan_2`,
        `preferred_workout_plan_3`,
        `experience_level`,
        `health_condition_desc`
    )
VALUES (
        1,
        1,
        12,
        23,
        'Ectomorph',
        1,
        'Tough',
        'Strength',
        '1234',
        'Asthma',
        2,
        3,
        5,
        'as'
    ),
    (
        2,
        2,
        12,
        12,
        'Ectomorph',
        1,
        'Tough',
        'Strong',
        'vv',
        'Asthma',
        2,
        4,
        5,
        'vv'
    ),
    (
        3,
        3,
        12,
        22,
        'Ectomorph',
        1,
        'Tough',
        'Strong',
        'Bulk',
        'Diabetes',
        2,
        3,
        5,
        'Type 2'
    ),
    (
        4,
        4,
        174,
        193,
        'Mesomorph',
        9,
        'Tough',
        'Strength',
        'Bulk',
        'Asthma',
        2,
        1,
        5,
        'no'
    ),
    (
        5,
        5,
        174,
        193,
        'Mesomorph',
        9,
        'Tough',
        'Strength',
        'Bulk',
        'Asthma',
        2,
        1,
        5,
        'no'
    ),
    (
        6,
        6,
        80,
        193,
        'Ectomorph',
        11,
        'Tough',
        'Strength',
        'Bulk',
        'No',
        2,
        1,
        9,
        'no'
    ),
    (
        7,
        7,
        174,
        193,
        'Mesomorph',
        9,
        'Tough',
        'Strength',
        'Bulk',
        'Asthma',
        2,
        1,
        5,
        'no'
    ),
    (
        8,
        8,
        174,
        193,
        'Mesomorph',
        9,
        'Tough',
        'Strength',
        'Bulk',
        'Asthma',
        2,
        1,
        5,
        'no'
    ),
    (
        9,
        9,
        123,
        140,
        'Ectomorph',
        1,
        'Tough',
        'Strength',
        'Swole',
        'Asthma',
        9,
        8,
        1,
        'ddd'
    ),
    (
        10,
        10,
        123,
        140,
        'Ectomorph',
        1,
        'Tough',
        'Strength',
        'Swole',
        'Asthma',
        9,
        8,
        1,
        'ddd'
    ),
    (
        11,
        11,
        123,
        140,
        'Ectomorph',
        1,
        'Tough',
        'Strength',
        'Swole',
        'Asthma',
        9,
        8,
        1,
        'ddd'
    ),
    (
        12,
        12,
        123,
        140,
        'Ectomorph',
        1,
        'Tough',
        'Strength',
        'Swole',
        'Asthma',
        9,
        8,
        1,
        'ddd'
    ),
    (
        13,
        13,
        95,
        175,
        'Ectomorph',
        1,
        'Tough',
        'Strong',
        'Bulk',
        'Asthma',
        6,
        2,
        5,
        'Will faint under pressure'
    ),
    (
        14,
        14,
        95,
        175,
        'Ectomorph',
        1,
        'Tough',
        'Strong',
        'Bulk',
        'Asthma',
        6,
        2,
        5,
        'Will faint under pressure'
    ),
    (
        15,
        15,
        70,
        175,
        'Ectomorph',
        1,
        'Tough',
        'Strength',
        'Bulk',
        'Asthma',
        5,
        2,
        5,
        'lorem ipsum'
    ),
    (
        16,
        16,
        70,
        175,
        'Ectomorph',
        1,
        'Tough',
        'Strength',
        'Bulk',
        'Asthma',
        5,
        2,
        5,
        'lorem ipsum'
    ),
    (
        17,
        17,
        170,
        193,
        'Ectomorph',
        3,
        'Tough',
        'Strong',
        'Bulk',
        'Diabetes',
        2,
        5,
        5,
        'none'
    ),
    (
        18,
        18,
        80,
        180,
        'Ectomorph',
        1,
        'Tough',
        'Strong',
        'Bulk',
        'Asthma',
        4,
        9,
        5,
        'qwerty'
    ),
    (
        19,
        19,
        258,
        175,
        'Ectomorph',
        2,
        'Tough',
        'Strong',
        'Bulk',
        'None',
        10,
        8,
        1,
        'no'
    ),
    (
        20,
        20,
        123,
        123,
        'Ectomorph',
        1,
        'Tough',
        'Strong',
        'Bulk',
        'Asthma',
        3,
        6,
        1,
        'wcdwec'
    ),
    (
        21,
        21,
        28,
        78,
        'Ectomorph',
        1,
        'Tough',
        'Strong',
        'Bulk',
        'Joint Problems',
        2,
        10,
        9,
        'g 4aga'
    ),
    (
        22,
        22,
        80,
        193,
        'Ectomorph',
        1,
        'Tough',
        'Strong',
        'Bulk',
        'Hypertension',
        3,
        7,
        5,
        'ewvwfrevt'
    ),
    (
        23,
        23,
        123,
        123,
        'Ectomorph',
        1,
        'Tough',
        'Strong',
        'Bulk',
        'Asthma',
        5,
        2,
        1,
        '67 77'
    ),
    (
        70,
        70,
        123,
        123,
        'Ectomorph',
        1,
        'Tough',
        'Strong',
        'Bulk',
        'None',
        7,
        5,
        5,
        'wdcwe'
    ),
    (
        73,
        73,
        70,
        175,
        'Ectomorph',
        1,
        'Tough',
        'Strong',
        'Bulk',
        'Asthma',
        10,
        7,
        5,
        'Constant coughs'
    ),
    (
        74,
        74,
        123,
        123,
        'Ectomorph',
        16,
        'Tough',
        'Strong',
        'Bulk',
        'None',
        15,
        11,
        5,
        'none'
    ),
    (
        75,
        76,
        70,
        170,
        'Ectomorph',
        1,
        'Weight loss',
        'Strength ',
        'Tougher ',
        'None',
        11,
        13,
        5,
        'None'
    ),
    (
        76,
        77,
        70,
        170,
        'Ectomorph',
        16,
        'Tough',
        'Strong',
        'Bulk',
        'None',
        14,
        8,
        1,
        'no'
    ),
    (
        77,
        77,
        123,
        123,
        'Ectomorph',
        5,
        'Tough',
        'Strong',
        'Bulk',
        'No',
        16,
        10,
        1,
        ''
    ),
    (
        78,
        78,
        70,
        123,
        'Mesomorph',
        8,
        'Tough',
        'Strong',
        'Lean',
        'None',
        9,
        4,
        1,
        'None'
    ),
    (
        79,
        79,
        21,
        34,
        'Ectomorph',
        6,
        'Qweett',
        'Jdjdje',
        'Jsjsjejf',
        'None',
        9,
        16,
        1,
        'No'
    ),
    (
        80,
        80,
        60,
        58,
        'Ectomorph',
        8,
        'Qwerty',
        'Poiuy',
        'Asdf',
        'None',
        10,
        13,
        1,
        'No'
    ),
    (
        81,
        81,
        12,
        12,
        'Ectomorph',
        15,
        'qwe',
        'rty',
        'uio',
        'None',
        4,
        5,
        1,
        'rt'
    ),
    (
        82,
        82,
        47,
        140,
        'Ectomorph',
        15,
        'Tough',
        'Strong',
        'Bulk',
        'None',
        8,
        3,
        1,
        'None'
    ),
    (
        83,
        83,
        70,
        175,
        'Ectomorph',
        16,
        'Tough',
        'Strong',
        'Bulk',
        'None',
        11,
        1,
        1,
        ''
    ),
    (
        84,
        84,
        85,
        193,
        'Mesomorph',
        1,
        'Add weight',
        'Lost weight',
        'Gain weight',
        'None',
        5,
        12,
        9,
        ''
    ),
    (
        85,
        85,
        32,
        12,
        'Ectomorph',
        7,
        'Hdjdjc',
        'Jxksje',
        'Jxjsje',
        'None',
        6,
        4,
        1,
        ''
    ),
    (
        86,
        86,
        123,
        123,
        'Ectomorph',
        1,
        'Opor',
        'Polopi',
        'Ui',
        'None',
        3,
        8,
        1,
        ''
    ),
    (
        87,
        87,
        70,
        170,
        'Ectomorph',
        7,
        'Weight loss',
        'Red',
        'Terommy',
        'None',
        9,
        3,
        1,
        ''
    ),
    (
        88,
        88,
        70.5,
        175.5,
        'Ectomorph',
        10,
        'Strong',
        'Tough ',
        'Bulk',
        'None',
        9,
        16,
        1,
        ''
    ),
    (
        89,
        89,
        170,
        170,
        'Ectomorph',
        2,
        'Tough',
        'Strong',
        'Bulk',
        'None',
        5,
        12,
        1,
        ''
    ),
    (
        90,
        90,
        123,
        123,
        'Ectomorph',
        16,
        'Tough',
        'Strong',
        'Bulk',
        'None',
        15,
        14,
        1,
        ''
    ),
    (
        91,
        91,
        123,
        123,
        'Ectomorph',
        16,
        'Tough',
        'Strong',
        'Bulk',
        'Asthma',
        10,
        7,
        9,
        ''
    ),
    (
        92,
        92,
        123,
        123,
        'Mesomorph',
        1,
        'Tough',
        'Strength',
        'Bulk',
        'None',
        2,
        16,
        1,
        ''
    ),
    (
        93,
        93,
        123,
        123,
        'Ectomorph',
        16,
        'Tough',
        'Strong',
        'Bulk',
        'None',
        15,
        14,
        1,
        ''
    ),
    (
        94,
        94,
        123,
        123,
        'Mesomorph',
        16,
        'Tough',
        'Strength',
        'lkjhgfd',
        'None',
        12,
        5,
        1,
        ''
    ),
    (
        95,
        95,
        123,
        123,
        'Mesomorph',
        16,
        'Tough',
        'Strong',
        'Bulk',
        'None',
        10,
        12,
        1,
        ''
    ),
    (
        96,
        96,
        70,
        30,
        'Ectomorph',
        7,
        'Qwerty',
        'Poiu',
        'Asdf',
        'None',
        9,
        12,
        1,
        ''
    ),
    (
        97,
        97,
        123,
        123,
        'Mesomorph',
        1,
        'Tough',
        'Strong',
        'Bulk',
        'None',
        2,
        4,
        5,
        ''
    ),
    (
        98,
        98,
        123,
        123,
        'Ectomorph',
        15,
        'Tough',
        'Strong',
        'Bulk',
        'None',
        11,
        7,
        1,
        ''
    ),
    (
        99,
        99,
        180,
        80,
        'Mesomorph',
        7,
        'Qw',
        'Er',
        'Ty',
        'Joint Problems',
        9,
        11,
        5,
        ''
    ),
    (
        100,
        100,
        123,
        123,
        'Ectomorph',
        16,
        'Tough',
        'Strong',
        'Bulk',
        'Diabetes',
        14,
        9,
        5,
        ''
    ),
    (
        101,
        102,
        1234,
        123,
        'Ectomorph',
        7,
        'Grooo',
        'Oooort',
        'Pooii',
        'None',
        8,
        6,
        1,
        ''
    ),
    (
        102,
        103,
        70.5,
        175.5,
        'Ectomorph',
        15,
        'Weight gain',
        'Trim fat',
        'Big arms',
        'None',
        16,
        10,
        1,
        ''
    ),
    (
        103,
        104,
        70,
        170,
        'Ectomorph',
        16,
        'Tough',
        'Strong',
        'Bulk',
        'None',
        15,
        9,
        1,
        ''
    ),
    (
        104,
        105,
        200,
        200,
        'Ectomorph',
        16,
        'Tough',
        'Strong',
        'Bulk',
        'None',
        15,
        14,
        1,
        ''
    ),
    (
        105,
        106,
        70,
        170,
        'Ectomorph',
        12,
        'Strength',
        'bulk',
        'tough',
        'Asthma',
        16,
        7,
        1,
        ''
    ),
    (
        106,
        107,
        70,
        170,
        'Ectomorph',
        16,
        'Tough',
        'Strong',
        'Bulk',
        'None',
        12,
        8,
        1,
        ''
    ),
    (
        107,
        108,
        123,
        123,
        'Ectomorph',
        16,
        'Tough',
        'Strong',
        'Bulk',
        'None',
        14,
        9,
        5,
        ''
    );
-- --------------------------------------------------------
--
-- Table structure for table `payment_logs`
--
DROP TABLE IF EXISTS `payment_logs`;
CREATE TABLE IF NOT EXISTS `payment_logs` (
    `log_id` int NOT NULL AUTO_INCREMENT,
    `transaction_id` int NOT NULL,
    `reference_number` text NOT NULL,
    `amount` float NOT NULL,
    `user_id` int NOT NULL,
    `admin_id` int NOT NULL,
    `old_status` varchar(20) DEFAULT NULL,
    `new_status` varchar(20) NOT NULL,
    `notes` text,
    `log_date` timestamp NULL DEFAULT CURRENT_TIMESTAMP,
    PRIMARY KEY (`log_id`),
    KEY `transaction_id` (`transaction_id`),
    KEY `admin_id` (`admin_id`)
) ENGINE = InnoDB AUTO_INCREMENT = 10 DEFAULT CHARSET = utf8mb4 COLLATE = utf8mb4_0900_ai_ci;
--
-- Dumping data for table `payment_logs`
--
INSERT INTO `payment_logs` (
        `log_id`,
        `transaction_id`,
        `reference_number`,
        `amount`,
        `user_id`,
        `admin_id`,
        `old_status`,
        `new_status`,
        `notes`,
        `log_date`
    )
VALUES (
        2,
        5,
        '',
        55,
        8,
        2,
        'pending',
        'approved',
        '',
        '2025-05-07 17:51:01'
    ),
    (
        3,
        4,
        '',
        55,
        8,
        2,
        'pending',
        'approved',
        '',
        '2025-05-07 17:51:29'
    ),
    (
        4,
        42,
        '12322',
        32,
        33,
        2,
        'pending',
        'approved',
        'incomplete pay',
        '2025-05-07 17:58:57'
    ),
    (
        7,
        48,
        '3211',
        240000,
        6,
        2,
        'pending',
        'approved',
        '',
        '2025-05-07 18:22:56'
    ),
    (
        8,
        49,
        '',
        480000,
        6,
        2,
        'pending',
        'approved',
        '',
        '2025-05-29 00:59:51'
    ),
    (
        9,
        46,
        '',
        100,
        6,
        2,
        'pending',
        'approved',
        '',
        '2025-05-29 01:00:38'
    );
-- --------------------------------------------------------
--
-- Table structure for table `rates`
--
DROP TABLE IF EXISTS `rates`;
CREATE TABLE IF NOT EXISTS `rates` (
    `id` int NOT NULL AUTO_INCREMENT,
    `name` varchar(255) NOT NULL,
    `charge` varchar(255) NOT NULL,
    PRIMARY KEY (`id`)
) ENGINE = InnoDB AUTO_INCREMENT = 4 DEFAULT CHARSET = latin1;
--
-- Dumping data for table `rates`
--
INSERT INTO `rates` (`id`, `name`, `charge`)
VALUES (1, 'Fitness', '55'),
    (2, 'Sauna', '35'),
    (3, 'Cardio', '40');
-- --------------------------------------------------------
--
-- Table structure for table `reminder`
--
DROP TABLE IF EXISTS `reminder`;
CREATE TABLE IF NOT EXISTS `reminder` (
    `id` int NOT NULL AUTO_INCREMENT,
    `name` varchar(50) NOT NULL,
    `message` text NOT NULL,
    `priority` int NOT NULL DEFAULT '2',
    `status` text NOT NULL,
    `date` datetime NOT NULL,
    `user_id` int NOT NULL,
    `created_at` datetime NOT NULL DEFAULT CURRENT_TIMESTAMP,
    `trainer_id` int DEFAULT NULL,
    `trainer_id1` int DEFAULT NULL,
    PRIMARY KEY (`id`)
) ENGINE = InnoDB AUTO_INCREMENT = 16 DEFAULT CHARSET = latin1;
--
-- Dumping data for table `reminder`
--
INSERT INTO `reminder` (
        `id`,
        `name`,
        `message`,
        `priority`,
        `status`,
        `date`,
        `user_id`,
        `created_at`,
        `trainer_id`,
        `trainer_id1`
    )
VALUES (
        12,
        'staff',
        'asd',
        2,
        'unread',
        '2020-04-16 22:39:59',
        0,
        '2025-05-07 23:02:31',
        NULL,
        NULL
    ),
    (
        13,
        'staff',
        'asdasdas',
        2,
        'unread',
        '2020-04-16 22:40:49',
        0,
        '2025-05-07 23:02:31',
        NULL,
        NULL
    ),
    (
        14,
        'staff',
        'ASasA',
        2,
        'unread',
        '2020-04-16 22:41:59',
        0,
        '2025-05-07 23:02:31',
        NULL,
        NULL
    ),
    (
        15,
        'staff',
        'asdasdasd',
        2,
        'unread',
        '2020-04-16 22:42:28',
        0,
        '2025-05-07 23:02:31',
        NULL,
        NULL
    );
-- --------------------------------------------------------
--
-- Table structure for table `session_reminders`
--
DROP TABLE IF EXISTS `session_reminders`;
CREATE TABLE IF NOT EXISTS `session_reminders` (
    `reminder_id` int NOT NULL AUTO_INCREMENT,
    `session_id` int NOT NULL,
    `message` text NOT NULL,
    `reminder_time` datetime NOT NULL,
    `status` enum('sent', 'pending') DEFAULT 'pending',
    `created_at` timestamp NULL DEFAULT CURRENT_TIMESTAMP,
    PRIMARY KEY (`reminder_id`),
    KEY `session_id` (`session_id`)
) ENGINE = InnoDB DEFAULT CHARSET = utf8mb4 COLLATE = utf8mb4_0900_ai_ci;
-- --------------------------------------------------------
--
-- Table structure for table `staffs`
--
DROP TABLE IF EXISTS `staffs`;
CREATE TABLE IF NOT EXISTS `staffs` (
    `user_id` int NOT NULL AUTO_INCREMENT,
    `username` varchar(50) NOT NULL,
    `password` varchar(512) CHARACTER SET latin1 COLLATE latin1_swedish_ci NOT NULL,
    `email` varchar(50) NOT NULL,
    `fullname` varchar(50) NOT NULL,
    `address` varchar(20) NOT NULL,
    `designation` varchar(20) NOT NULL,
    `image_url` varchar(512) DEFAULT NULL,
    `gender` varchar(10) NOT NULL,
    `contact` int NOT NULL,
    PRIMARY KEY (`user_id`)
) ENGINE = InnoDB AUTO_INCREMENT = 26 DEFAULT CHARSET = latin1;
--
-- Dumping data for table `staffs`
--
INSERT INTO `staffs` (
        `user_id`,
        `username`,
        `password`,
        `email`,
        `fullname`,
        `address`,
        `designation`,
        `image_url`,
        `gender`,
        `contact`
    )
VALUES (
        1,
        'bruno',
        '$2y$10$fhtP4y6ACZpQyKC.0KHz3.FOpbcNU0oXwFEUXacwvrxdYhGXFRxqK',
        'brunoden@mail.com',
        'Bruno Den',
        '26 Morris Street',
        'Cashier',
        'https://images.unsplash.com/photo-1590650516494-0c8e4a4dd52e?ixlib=rb-1.2.1&auto=format&fit=crop&w=500&q=80',
        'Male',
        852028120
    ),
    (
        2,
        'michelle',
        '25d55ad283aa400af464c76d713c07ad',
        'michelle@mail.com',
        'Michelle R. Lane',
        '61 Stone Lane',
        'Trainer',
        'https://images.unsplash.com/photo-1574680096145-d05b474e2155?ixlib=rb-1.2.1&auto=format&fit=crop&w=500&q=80',
        'Female',
        2147483647
    ),
    (
        3,
        'james',
        'cac29d7a34687eb14b37068ee4708e7b',
        'jamesb@mail.com',
        'James Brown',
        '12 Deer Ridge Drive',
        'Trainer',
        'https://images.unsplash.com/photo-1541534741688-6078c6bfb5c5?ixlib=rb-1.2.1&auto=format&fit=crop&w=500&q=80',
        'Male',
        2147483647
    ),
    (
        4,
        'bruce',
        '$2y$10$nNOU/8nd1cafVNRZtoIzqODevCK6Ns/oyM378/M.tbFc.CQ5HhKyO',
        'bruce@mail.com',
        'Bruce H. Klaus',
        '68 Lake Floyd Circle',
        'Manager',
        'https://images.unsplash.com/photo-1557862921-37829c790f19?ixlib=rb-1.2.1&auto=format&fit=crop&w=500&q=80',
        'Male',
        1458887788
    ),
    (
        5,
        'PaulO',
        '25d55ad283aa400af464c76d713c07ad',
        'paulO@gmail.com',
        'Paul O',
        '8 Osram Avenue',
        'Trainer',
        'https://images.unsplash.com/photo-1581009146145-b5ef050c2e1e?ixlib=rb-1.2.1&auto=format&fit=crop&w=500&q=80',
        'Male',
        278424898
    ),
    (
        6,
        'lpOO',
        '$2y$10$oHObYDtDXaXCPIrYj1Gl8ekeJTRxc5/1yIBt9zyVznsjcjIg7kbCm',
        'lpOO@gmail.com',
        'Les Paul OO',
        '123 Main ',
        'GYM Assistant',
        'https://images.unsplash.com/photo-1582213782179-e0d53f98f2ca?ixlib=rb-1.2.1&auto=format&fit=crop&w=500&q=80',
        'Male',
        278424854
    ),
    (
        7,
        'Ajayi',
        '$2y$10$YUutVjkIdIcjLAszpmgpouLvYG/Kl20dqFU4x3t8z/ztOevL4V0W2',
        'mySis@gmail.com',
        'Georgina',
        'home',
        'Cashier',
        'https://images.unsplash.com/photo-1590086782792-42dd2350140d?ixlib=rb-1.2.1&auto=format&fit=crop&w=500&q=80',
        'Male',
        24681012
    ),
    (
        8,
        'trainer_john',
        '482c811da5d5b4bc6d497ffa98491e38',
        'john@example.com',
        'John Smith',
        '123 Gym St',
        'Trainer',
        'https://images.unsplash.com/photo-1581009146145-b5ef050c2e1e?ixlib=rb-1.2.1&auto=format&fit=crop&w=500&q=80',
        'Male',
        5550101
    ),
    (
        9,
        'trainer_sarah',
        '482c811da5d5b4bc6d497ffa98491e38',
        'sarah@example.com',
        'Sarah Johnson',
        '456 Fitness Ave',
        'Trainer',
        'https://images.unsplash.com/photo-1705417280569-e6fc34faee98?w=600&auto=format&fit=crop&q=60&ixlib=rb-4.1.0&ixid=M3wxMjA3fDB8MHxzZWFyY2h8MTh8fGJsYWNrJTIwdHJhaW5lcnxlbnwwfHwwfHx8MA%3D%3D',
        'Female',
        5550202
    ),
    (
        10,
        'trainer_mike',
        '$2y$10$tk0qUrYnZGLis5pqO1xkmuXOCTDu/etsRR92jFO0uzMuRy865nfw.',
        'mike@example.com',
        'Mike Williams',
        '789 Workout Blvd',
        'Trainer',
        'https://images.unsplash.com/photo-1584467735867-4297ae2ebcee?ixlib=rb-1.2.1&auto=format&fit=crop&w=500&q=80',
        'Male',
        5550303
    ),
    (
        11,
        'trainer_jacob',
        '482c811da5d5b4bc6d497ffa98491e38',
        'jacob@example.com',
        'Jacob Isaac',
        '123 Gym St',
        'Trainer',
        'https://plus.unsplash.com/premium_photo-1672420330305-6da3823ad9b6?w=600&auto=format&fit=crop&q=60&ixlib=rb-4.1.0&ixid=M3wxMjA3fDB8MHxzZWFyY2h8MTN8fHJhbmRvbSUyMGd1eSUyMHRyYWluZXJ8ZW58MHx8MHx8fDA%3D',
        'Male',
        5550101
    ),
    (
        12,
        'trainer_erica',
        '482c811da5d5b4bc6d497ffa98491e38',
        'erica@example.com',
        'Erica Nlewedim',
        '456 Fitness Ave',
        'Trainer',
        'https://images.unsplash.com/photo-1541534741688-6078c6bfb5c5?ixlib=rb-1.2.1&auto=format&fit=crop&w=500&q=80',
        'Female',
        5550202
    ),
    (
        13,
        'trainer_bernard',
        '482c811da5d5b4bc6d497ffa98491e38',
        'bernard@example.com',
        'Bernard Emmanuel',
        '789 Workout Blvd',
        'Trainer',
        'https://images.unsplash.com/photo-1507003211169-0a1dd7228f2d?ixlib=rb-1.2.1&auto=format&fit=crop&w=500&q=80',
        'Male',
        5550303
    ),
    (
        14,
        'MVJ001',
        '$2y$10$dz6h.c.cc8/q8OU.THtMbepZi77jJCQMg3JaqbDy.zbJPlIlMNQ9K',
        'MVJ001@gmail.com',
        'Marylyn Johnson',
        'Spintex',
        'Manager',
        'https://images.unsplash.com/photo-1568602471122-7832951cc4c5?ixlib=rb-1.2.1&auto=format&fit=crop&w=500&q=80',
        'Male',
        271237964
    ),
    (
        15,
        'www',
        '$2y$10$jDRz88zqJ76F9LnAIp/BuO8HlQQ0utffzWVxoqYuC6IVdRch3sHti',
        'www@gmail.com',
        'www',
        'Spintex',
        'Cashier',
        'https://images.unsplash.com/photo-1597223557154-721c1cecc4b0?ixlib=rb-1.2.1&auto=format&fit=crop&w=500&q=80',
        'Male',
        271237967
    ),
    (
        16,
        'wwww',
        '$2y$10$js66/XZk/3RRcpJNXJzwJeL3uewXdngGbrBLMx0.uf9H/WGCoxAMS',
        'wwww@gmail.com',
        'wwww',
        'wwww',
        'Cashier',
        'https://images.unsplash.com/photo-1507003211169-0a1dd7228f2d?ixlib=rb-1.2.1&auto=format&fit=crop&w=500&q=80',
        'Male',
        271237968
    ),
    (
        17,
        'wwwww',
        '$2y$10$sey8RGB1DPRs3jo890DrpeFF5XpnfHLjm4yGMHbM6kP8qOyY5EfEO',
        'wwwww@gmail.com',
        'wwwww',
        'wwwww',
        'Cashier',
        'https://images.unsplash.com/photo-1507003211169-0a1dd7228f2d?ixlib=rb-1.2.1&auto=format&fit=crop&w=500&q=80',
        'Male',
        271237969
    ),
    (
        18,
        'wwwww',
        '$2y$10$.VyY1mTiKzuFssxrbeNWqe.OQobzpr.w0NIMbiO6VcghldOjy4KBe',
        'wwwww@gmail.com',
        'wwwww',
        'wwwww',
        'Cashier',
        'https://images.unsplash.com/photo-1507003211169-0a1dd7228f2d?ixlib=rb-1.2.1&auto=format&fit=crop&w=500&q=80',
        'Male',
        271237969
    ),
    (
        19,
        'Selorm',
        '$2y$10$YdAgvPb74YU9/h9wLo9rmO7OCVFHKnn.njGWRLlymytJZrGjku9Yq',
        'selorm@gmail.com',
        'Selorm Prince',
        'Spintex',
        'Trainer',
        'https://images.unsplash.com/photo-1627991089434-572540237fb7?w=600&auto=format&fit=crop&q=60&ixlib=rb-4.1.0&ixid=M3wxMjA3fDB8MHxzZWFyY2h8MjB8fGJsYWNrJTIwdHJhaW5lcnxlbnwwfHwwfHx8MA%3D%3D',
        'Male',
        275558887
    ),
    (
        20,
        'alex_coach',
        '$2y$10$t6YpyvrzVaki.CmhShyne.mN/dM41pEGauooPOPdVCS1QHHEyW.gS',
        'alex@elitefit.com',
        'Alex Rivera',
        '45 Fitness Ave',
        'Trainer',
        'https://images.unsplash.com/photo-1571019613454-1cb2f99b2d8b',
        'Male',
        5551001
    ),
    (
        21,
        'taylor_fit',
        '$2y$10$t6YpyvrzVaki.CmhShyne.mN/dM41pEGauooPOPdVCS1QHHEyW.gS',
        'taylor@elitefit.com',
        'Taylor Chen',
        '89 Wellness St',
        'Trainer',
        'https://images.unsplash.com/photo-1519085360753-af0119f7cbe7',
        'Female',
        5551002
    ),
    (
        22,
        'jamal_strength',
        '$2y$10$t6YpyvrzVaki.CmhShyne.mN/dM41pEGauooPOPdVCS1QHHEyW.gS',
        'jamal@elitefit.com',
        'Jamal Williams',
        '32 Power Lane',
        'Trainer',
        'https://images.unsplash.com/photo-1572459815294-26edc555608e?w=600&auto=format&fit=crop&q=60&ixlib=rb-4.1.0&ixid=M3wxMjA3fDB8MHxzZWFyY2h8Nnx8YmxhY2slMjB0cmFpbmVyfGVufDB8fDB8fHww',
        'Male',
        5551003
    ),
    (
        23,
        'priya_yoga',
        '$2y$10$t6YpyvrzVaki.CmhShyne.mN/dM41pEGauooPOPdVCS1QHHEyW.gS',
        'priya@elitefit.com',
        'Priya Patel',
        '78 Balance Rd',
        'Trainer',
        'https://images.unsplash.com/photo-1549060279-7e168fcee0c2',
        'Female',
        5551004
    ),
    (
        24,
        'marcus_power',
        '$2y$10$t6YpyvrzVaki.CmhShyne.mN/dM41pEGauooPOPdVCS1QHHEyW.gS',
        'marcus@elitefit.com',
        'Marcus Johnson',
        '21 Strength Blvd',
        'Trainer',
        'https://images.unsplash.com/photo-1606030458133-9cc15619c9d0?w=600&auto=format&fit=crop&q=60&ixlib=rb-4.1.0&ixid=M3wxMjA3fDB8MHxzZWFyY2h8N3x8YmxhY2slMjB0cmFpbmVyfGVufDB8fDB8fHww',
        'Male',
        5551005
    ),
    (
        25,
        'newman',
        '$2y$10$gfotT464.pSL4bCvpbx98eJCK0e4hniNPNxtg7tw2vt7WHbSajYeS',
        'newman@gmail.com',
        'newman',
        'Spintex',
        'Trainer',
        NULL,
        'Male',
        1111111143
    );
-- --------------------------------------------------------
--
-- Table structure for table `tasks`
--
DROP TABLE IF EXISTS `tasks`;
CREATE TABLE IF NOT EXISTS `tasks` (
    `id` int NOT NULL AUTO_INCREMENT,
    `admin_id` int NOT NULL,
    `title` varchar(255) NOT NULL,
    `description` text,
    `start_datetime` datetime NOT NULL,
    `end_datetime` datetime DEFAULT NULL,
    `is_all_day` tinyint(1) DEFAULT '0',
    `status` enum('pending', 'in_progress', 'completed', 'cancelled') DEFAULT 'pending',
    `created_at` timestamp NULL DEFAULT CURRENT_TIMESTAMP,
    `updated_at` timestamp NULL DEFAULT CURRENT_TIMESTAMP ON UPDATE CURRENT_TIMESTAMP,
    PRIMARY KEY (`id`),
    KEY `admin_id` (`admin_id`)
) ENGINE = InnoDB AUTO_INCREMENT = 6 DEFAULT CHARSET = utf8mb4 COLLATE = utf8mb4_0900_ai_ci;
--
-- Dumping data for table `tasks`
--
INSERT INTO `tasks` (
        `id`,
        `admin_id`,
        `title`,
        `description`,
        `start_datetime`,
        `end_datetime`,
        `is_all_day`,
        `status`,
        `created_at`,
        `updated_at`
    )
VALUES (
        1,
        2,
        'Meet with new clients',
        NULL,
        '2025-05-28 00:00:00',
        '2025-05-29 00:00:00',
        0,
        'pending',
        '2025-05-28 00:40:46',
        '2025-05-28 00:40:46'
    ),
    (
        2,
        2,
        'hmmm',
        NULL,
        '2025-04-04 00:00:00',
        '2025-04-05 00:00:00',
        0,
        'pending',
        '2025-05-28 00:41:07',
        '2025-05-28 00:41:07'
    ),
    (
        3,
        2,
        'Employ more staff',
        NULL,
        '2025-05-29 00:00:00',
        '2025-05-30 00:00:00',
        0,
        'pending',
        '2025-05-28 00:41:35',
        '2025-05-28 00:41:35'
    ),
    (
        4,
        2,
        'Contact Suppliers',
        NULL,
        '2025-05-29 00:00:00',
        '2025-05-30 00:00:00',
        0,
        'pending',
        '2025-05-28 00:41:55',
        '2025-05-28 00:41:55'
    );
-- --------------------------------------------------------
--
-- Table structure for table `todo`
--
DROP TABLE IF EXISTS `todo`;
CREATE TABLE IF NOT EXISTS `todo` (
    `id` int NOT NULL AUTO_INCREMENT,
    `task_status` varchar(50) NOT NULL,
    `task_desc` varchar(30) NOT NULL,
    `user_id` int NOT NULL,
    PRIMARY KEY (`id`)
) ENGINE = InnoDB AUTO_INCREMENT = 35 DEFAULT CHARSET = latin1;
--
-- Dumping data for table `todo`
--
INSERT INTO `todo` (`id`, `task_status`, `task_desc`, `user_id`)
VALUES (20, 'In Progress', 'Test Completed', 14),
    (23, 'In Progress', 'Triceps Buildup - 3 set', 14),
    (27, 'Pending', 'dddd', 0),
    (28, 'In Progress', 'Test 1', 23),
    (31, 'In Progress', 'Mastering Crunches', 2),
    (32, 'In Progress', 'Mastering Crunches', 6),
    (33, 'Pending', 'Decline dumbbell bench pres', 6),
    (34, 'Pending', 'Mastering Crunches2.0', 6);
-- --------------------------------------------------------
--
-- Table structure for table `trainers`
--
DROP TABLE IF EXISTS `trainers`;
CREATE TABLE IF NOT EXISTS `trainers` (
    `trainer_id` int NOT NULL,
    `specialization` varchar(100) DEFAULT NULL,
    `bio` text,
    `certification` varchar(100) DEFAULT NULL,
    `years_experience` int DEFAULT NULL,
    PRIMARY KEY (`trainer_id`)
) ENGINE = InnoDB DEFAULT CHARSET = utf8mb4 COLLATE = utf8mb4_0900_ai_ci;
--
-- Dumping data for table `trainers`
--
INSERT INTO `trainers` (
        `trainer_id`,
        `specialization`,
        `bio`,
        `certification`,
        `years_experience`
    )
VALUES (
        2,
        'General Fitness',
        'Michelle R. Lane is a professional trainer specializing in general fitness principles.',
        'ACE Certified',
        3
    ),
    (
        3,
        'General Fitness',
        'James Brown is a professional trainer specializing in general fitness principles.',
        'ACE Certified',
        5
    ),
    (
        5,
        'Body Building',
        'Paul O is a professional trainer specializing in bodybuilding and physique development.',
        'IFBB Professional',
        6
    ),
    (
        6,
        'Weight Loss Specialist',
        'Specializes in weight loss programs with a focus on sustainable results through metabolic conditioning and nutrition coaching.',
        'NASM-CPT, ACE-WMS, Precision Nutrition L1',
        5
    ),
    (
        7,
        'Bodybuilding Coach',
        'Professional bodybuilding coach with expertise in hypertrophy training and competition preparation.',
        'IFBB Pro, ISSA-BBC, NSCA-CSCS',
        8
    ),
    (
        8,
        'Cardio & Endurance Expert',
        'Endurance specialist creating customized cardio programs for runners and athletes of all levels.',
        'RRCA, USATF-1, ACE-CPT',
        3
    ),
    (
        9,
        'Weight Loss Specialist',
        'Weight loss expert combining exercise programming with behavior change strategies for long-term success.',
        'NASM-CPT, ACE-WMS, Precision Nutrition L1',
        5
    ),
    (
        10,
        'Strength & Conditioning Coach',
        'Strength coach focused on power development and athletic performance enhancement.',
        'NSCA-CSCS, FMS, ISSA-SCS',
        8
    ),
    (
        11,
        'Functional Fitness Trainer',
        'Functional movement specialist helping clients move better for sports and daily life.',
        'FMS, ACE-FTC, NASM-CES',
        3
    ),
    (
        12,
        'Strength & Performance Coach',
        'Performance coach integrating strength, mobility and movement quality into all programs.',
        'NSCA-CPT, NASM-PES, ISSA-SCS',
        5
    ),
    (
        13,
        'Strength Conditioning',
        'Mike Williams is a professional trainer specializing in strength development and power conditioning.',
        'NSCA Certified Strength Coach',
        10
    ),
    (
        19,
        'Athletic Performance',
        'Selorm Prince is a professional trainer specializing in sports-specific athletic performance.',
        'EXOS Performance Specialist',
        2
    ),
    (
        20,
        'HIIT & Metabolic Conditioning',
        'Alex specializes in high-intensity interval training and metabolic conditioning programs that deliver maximum results in minimal time. Former collegiate athlete with a passion for helping clients push their limits.',
        'ACE Certified Personal Trainer, Precision Nutrition L1, CrossFit L2',
        7
    ),
    (
        21,
        'Functional Mobility & Corrective Exercise',
        'Taylor focuses on functional movement patterns, mobility, and corrective exercise to help clients move better and reduce injury risk. Background in physical therapy assistance.',
        'NASM Certified Personal Trainer, FMS Level 2, NASM-CES',
        5
    ),
    (
        22,
        'Strength & Power Development',
        'Jamal is a competitive powerlifter who trains athletes and general population clients in proper strength development techniques. Believes in fundamentals first.',
        'NSCA Certified Strength Coach, USAW Level 1, CPR/AED',
        8
    ),
    (
        23,
        'Yoga & Mind-Body Integration',
        'Priya integrates traditional yoga practices with modern fitness principles for holistic wellness. Specializes in stress reduction and recovery techniques.',
        'RYT-500, ACE Certified Group Fitness, Yoga Medicine Certified',
        6
    ),
    (
        24,
        'Sports Performance & Athletic Development',
        'Marcus trains competitive athletes with a focus on sport-specific movement patterns, speed development, and power transfer. Former D1 football strength coach.',
        'CSCS, EXOS Performance Specialist, USA Track & Field Level 2',
        10
    );
-- --------------------------------------------------------
--
-- Table structure for table `trainer_workout_specialization`
--
DROP TABLE IF EXISTS `trainer_workout_specialization`;
CREATE TABLE IF NOT EXISTS `trainer_workout_specialization` (
    `id` int NOT NULL AUTO_INCREMENT,
    `trainer_id` int NOT NULL,
    `plan_id` int NOT NULL,
    `years_experience` int DEFAULT NULL,
    `certification` varchar(100) DEFAULT NULL,
    PRIMARY KEY (`id`),
    UNIQUE KEY `trainer_plan_unique` (`trainer_id`, `plan_id`),
    KEY `plan_id` (`plan_id`)
) ENGINE = InnoDB AUTO_INCREMENT = 37 DEFAULT CHARSET = utf8mb4 COLLATE = utf8mb4_0900_ai_ci;
--
-- Dumping data for table `trainer_workout_specialization`
--
INSERT INTO `trainer_workout_specialization` (
        `id`,
        `trainer_id`,
        `plan_id`,
        `years_experience`,
        `certification`
    )
VALUES (1, 6, 1, 5, 'NASM Certified Personal Trainer'),
    (2, 6, 4, 4, 'Precision Nutrition Level 1'),
    (3, 6, 11, 3, 'ACE Weight Management Specialist'),
    (4, 7, 3, 8, 'IFBB Professional Bodybuilder'),
    (5, 7, 7, 6, 'ISSA Bodybuilding Specialist'),
    (6, 7, 15, 5, 'NSCA Certified Strength Coach'),
    (7, 8, 2, 7, 'RRCA Certified Running Coach'),
    (8, 8, 9, 5, 'ACE Certified Personal Trainer'),
    (9, 8, 16, 4, 'USATF Level 1 Coach'),
    (10, 9, 1, 5, 'NASM Certified Personal Trainer'),
    (11, 9, 4, 4, 'Precision Nutrition Level 1'),
    (12, 9, 14, 3, 'ACE Weight Management Specialist'),
    (13, 10, 3, 8, 'NSCA Certified Strength Coach'),
    (14, 10, 5, 6, 'Functional Movement Specialist'),
    (15, 10, 8, 5, 'ISSA Strength Coach'),
    (16, 11, 5, 7, 'Functional Movement Specialist'),
    (17, 11, 10, 5, 'FMS Level 1'),
    (18, 11, 6, 4, 'ACE Functional Training Cert'),
    (19, 12, 1, 5, 'NSCA Certified Personal Trainer'),
    (20, 12, 3, 4, 'ISSA Strength Coach'),
    (21, 12, 12, 3, 'NASM Performance Enhancement'),
    (22, 20, 9, 5, 'ACE HIIT Specialist'),
    (23, 20, 2, 4, 'CrossFit L2 Trainer'),
    (24, 20, 1, 3, 'ACE Certified PT'),
    (25, 21, 10, 5, 'FMS Level 2'),
    (26, 21, 6, 4, 'NASM-CES'),
    (27, 21, 5, 3, 'Functional Aging Specialist'),
    (28, 22, 3, 6, 'NSCA-CSCS'),
    (29, 22, 8, 5, 'USAW Level 1'),
    (30, 22, 12, 4, 'Powerlifting Coach Cert'),
    (31, 23, 10, 6, 'RYT-500'),
    (32, 23, 6, 5, 'Yoga Medicine Cert'),
    (33, 23, 1, 4, 'ACE Group Fitness'),
    (34, 24, 5, 8, 'CSCS'),
    (35, 24, 3, 7, 'EXOS Performance Spec'),
    (36, 24, 16, 6, 'USATF Level 2');
-- --------------------------------------------------------
--
-- Table structure for table `training_sessions`
--
DROP TABLE IF EXISTS `training_sessions`;
CREATE TABLE IF NOT EXISTS `training_sessions` (
    `session_id` int NOT NULL AUTO_INCREMENT,
    `user_id` int NOT NULL,
    `trainer_id` int NOT NULL,
    `table_id` int NOT NULL,
    `session_date` datetime NOT NULL,
    `end_date` datetime DEFAULT NULL,
    `status` enum(
        'scheduled',
        'completed',
        'missed',
        'cancelled',
        'pending'
    ) DEFAULT 'scheduled',
    `notes` text,
    `progress_notes` text,
    `weight_change` decimal(5, 2) DEFAULT NULL,
    `muscle_gain` decimal(5, 2) DEFAULT NULL,
    `created_at` timestamp NULL DEFAULT CURRENT_TIMESTAMP,
    `updated_at` timestamp NULL DEFAULT CURRENT_TIMESTAMP ON UPDATE CURRENT_TIMESTAMP,
    PRIMARY KEY (`session_id`),
    KEY `user_id` (`user_id`),
    KEY `trainer_id` (`trainer_id`),
    KEY `plan_id` (`table_id`)
) ENGINE = InnoDB AUTO_INCREMENT = 22 DEFAULT CHARSET = utf8mb4 COLLATE = utf8mb4_0900_ai_ci;
--
-- Dumping data for table `training_sessions`
--
INSERT INTO `training_sessions` (
        `session_id`,
        `user_id`,
        `trainer_id`,
        `table_id`,
        `session_date`,
        `end_date`,
        `status`,
        `notes`,
        `progress_notes`,
        `weight_change`,
        `muscle_gain`,
        `created_at`,
        `updated_at`
    )
VALUES (
        1,
        6,
        9,
        11,
        '2025-05-03 20:20:00',
        NULL,
        'scheduled',
        NULL,
        NULL,
        NULL,
        NULL,
        '2025-05-02 15:17:49',
        '2025-05-02 15:17:49'
    ),
    (
        2,
        6,
        10,
        11,
        '2025-05-03 20:20:00',
        NULL,
        'cancelled',
        NULL,
        NULL,
        NULL,
        NULL,
        '2025-05-02 17:03:45',
        '2025-05-19 15:39:29'
    ),
    (
        3,
        6,
        8,
        11,
        '2025-05-05 03:40:00',
        NULL,
        'scheduled',
        NULL,
        NULL,
        NULL,
        NULL,
        '2025-05-04 19:33:49',
        '2025-05-04 19:33:49'
    ),
    (
        4,
        6,
        11,
        11,
        '2025-05-05 20:57:00',
        '2025-07-28 20:57:00',
        'cancelled',
        NULL,
        NULL,
        NULL,
        NULL,
        '2025-05-04 20:58:12',
        '2025-05-04 20:59:02'
    ),
    (
        5,
        6,
        8,
        2,
        '2025-05-17 23:26:00',
        '2025-05-24 23:26:00',
        'scheduled',
        NULL,
        NULL,
        NULL,
        NULL,
        '2025-05-04 21:24:59',
        '2025-05-04 21:24:59'
    ),
    (
        10,
        6,
        10,
        1,
        '2025-05-08 15:48:52',
        NULL,
        'cancelled',
        NULL,
        NULL,
        NULL,
        NULL,
        '2025-05-08 15:48:52',
        '2025-05-19 15:39:29'
    ),
    (
        11,
        6,
        10,
        1,
        '2025-05-08 15:48:52',
        NULL,
        'cancelled',
        NULL,
        NULL,
        NULL,
        NULL,
        '2025-05-08 15:48:52',
        '2025-05-19 15:39:29'
    ),
    (
        12,
        6,
        10,
        1,
        '2025-05-08 15:48:52',
        NULL,
        'cancelled',
        NULL,
        NULL,
        NULL,
        NULL,
        '2025-05-08 15:48:52',
        '2025-05-19 15:39:29'
    ),
    (
        13,
        7,
        10,
        1,
        '2025-05-08 15:48:52',
        NULL,
        'scheduled',
        NULL,
        NULL,
        NULL,
        NULL,
        '2025-05-08 15:48:52',
        '2025-05-08 15:48:52'
    ),
    (
        14,
        8,
        10,
        9,
        '2025-05-08 21:15:00',
        '2025-05-22 21:15:00',
        'completed',
        NULL,
        NULL,
        NULL,
        NULL,
        '2025-05-08 21:15:42',
        '2025-05-20 03:33:59'
    ),
    (
        15,
        6,
        8,
        11,
        '2025-05-31 18:43:00',
        '2025-08-23 18:43:00',
        'cancelled',
        NULL,
        NULL,
        NULL,
        NULL,
        '2025-05-19 13:38:39',
        '2025-05-19 13:38:52'
    ),
    (
        16,
        6,
        8,
        11,
        '2025-05-31 13:39:00',
        '2025-08-23 13:39:00',
        'scheduled',
        NULL,
        NULL,
        NULL,
        NULL,
        '2025-05-19 13:39:13',
        '2025-05-19 13:39:13'
    ),
    (
        17,
        6,
        8,
        11,
        '2025-11-21 13:40:00',
        '2026-02-13 13:40:00',
        'cancelled',
        NULL,
        NULL,
        NULL,
        NULL,
        '2025-05-19 13:40:17',
        '2025-06-01 22:09:41'
    ),
    (
        18,
        6,
        8,
        11,
        '2026-02-19 15:21:00',
        '2026-05-14 15:21:00',
        'cancelled',
        NULL,
        NULL,
        NULL,
        NULL,
        '2025-05-19 15:22:09',
        '2025-06-01 22:09:44'
    ),
    (
        19,
        74,
        12,
        16,
        '2026-05-20 05:40:00',
        '2026-07-01 05:40:00',
        'scheduled',
        NULL,
        NULL,
        NULL,
        NULL,
        '2025-05-20 04:40:31',
        '2025-05-20 04:40:31'
    ),
    (
        20,
        84,
        9,
        1,
        '2025-05-28 10:50:00',
        '2025-07-23 10:50:00',
        'scheduled',
        NULL,
        NULL,
        NULL,
        NULL,
        '2025-05-27 10:51:56',
        '2025-05-27 10:51:56'
    ),
    (
        21,
        108,
        8,
        16,
        '2030-11-01 18:35:00',
        '2030-12-13 18:35:00',
        'scheduled',
        NULL,
        NULL,
        NULL,
        NULL,
        '2025-06-01 18:35:39',
        '2025-06-01 18:35:39'
    );
-- --------------------------------------------------------
--
-- Table structure for table `transactions`
--
DROP TABLE IF EXISTS `transactions`;
CREATE TABLE IF NOT EXISTS `transactions` (
    `id` int NOT NULL AUTO_INCREMENT,
    `user_id` int NOT NULL,
    `amount` decimal(10, 2) NOT NULL,
    `payment_date` date NOT NULL,
    `payment_method` varchar(50) NOT NULL,
    `reference_number` varchar(50) DEFAULT NULL,
    `status` enum('pending', 'approved', 'denied') DEFAULT 'pending',
    `processed_by` int DEFAULT NULL,
    `processed_date` datetime DEFAULT NULL,
    `admin_notes` text,
    PRIMARY KEY (`id`),
    KEY `user_id` (`user_id`),
    KEY `idx_status` (`status`),
    KEY `idx_processed_date` (`processed_date`)
) ENGINE = InnoDB AUTO_INCREMENT = 50 DEFAULT CHARSET = utf8mb4 COLLATE = utf8mb4_0900_ai_ci;
--
-- Dumping data for table `transactions`
--
INSERT INTO `transactions` (
        `id`,
        `user_id`,
        `amount`,
        `payment_date`,
        `payment_method`,
        `reference_number`,
        `status`,
        `processed_by`,
        `processed_date`,
        `admin_notes`
    )
VALUES (
        1,
        6,
        1000.00,
        '2025-04-29',
        'Self-Service Portal',
        NULL,
        'approved',
        6,
        '2025-04-29 22:20:54',
        'On next propmt payment, you are set to receive a discount code: 123***\r\n'
    ),
    (
        2,
        6,
        1000.00,
        '2025-04-29',
        'Self-Service Portal',
        NULL,
        'approved',
        6,
        '2025-04-29 22:31:29',
        ''
    ),
    (
        3,
        6,
        1000.00,
        '2025-04-27',
        'Credit Card',
        NULL,
        'denied',
        6,
        '2025-04-29 22:32:33',
        'Failed Transaction: Contact your provider for details\r\n'
    ),
    (
        4,
        8,
        55.00,
        '2020-01-02',
        'Cash',
        '',
        'approved',
        2,
        '2025-05-07 17:51:29',
        ''
    ),
    (
        5,
        8,
        55.00,
        '2020-04-01',
        'Bank Transfer',
        '',
        'approved',
        2,
        '2025-05-07 17:51:01',
        ''
    ),
    (
        6,
        8,
        55.00,
        '2021-04-01',
        'Debit Card',
        NULL,
        'denied',
        6,
        '2025-04-29 22:50:47',
        ''
    ),
    (
        7,
        11,
        35.00,
        '2019-01-25',
        'Cash',
        NULL,
        'pending',
        NULL,
        NULL,
        NULL
    ),
    (
        8,
        11,
        35.00,
        '2020-03-31',
        'Credit Card',
        NULL,
        'pending',
        NULL,
        NULL,
        NULL
    ),
    (
        9,
        11,
        35.00,
        '2021-03-31',
        'Bank Transfer',
        NULL,
        'pending',
        NULL,
        NULL,
        NULL
    ),
    (
        10,
        14,
        55.00,
        '2019-07-13',
        'Cash',
        NULL,
        'pending',
        NULL,
        NULL,
        NULL
    ),
    (
        11,
        14,
        55.00,
        '2020-04-02',
        'Debit Card',
        NULL,
        'pending',
        NULL,
        NULL,
        NULL
    ),
    (
        12,
        14,
        55.00,
        '2021-04-02',
        'Credit Card',
        NULL,
        'pending',
        NULL,
        NULL,
        NULL
    ),
    (
        13,
        17,
        120.00,
        '2020-04-02',
        'Credit Card',
        NULL,
        'pending',
        NULL,
        NULL,
        NULL
    ),
    (
        14,
        17,
        120.00,
        '2021-05-31',
        'Bank Transfer',
        NULL,
        'pending',
        NULL,
        NULL,
        NULL
    ),
    (
        15,
        17,
        120.00,
        '2022-05-31',
        'Debit Card',
        NULL,
        'pending',
        NULL,
        NULL,
        NULL
    ),
    (
        16,
        18,
        55.00,
        '2020-04-04',
        'Cash',
        NULL,
        'pending',
        NULL,
        NULL,
        NULL
    ),
    (
        17,
        18,
        55.00,
        '2021-06-11',
        'Debit Card',
        NULL,
        'pending',
        NULL,
        NULL,
        NULL
    ),
    (
        18,
        19,
        55.00,
        '2019-04-02',
        'Cash',
        NULL,
        'pending',
        NULL,
        NULL,
        NULL
    ),
    (
        19,
        19,
        55.00,
        '2020-04-02',
        'Bank Transfer',
        NULL,
        'pending',
        NULL,
        NULL,
        NULL
    ),
    (
        20,
        19,
        55.00,
        '2021-06-11',
        'Credit Card',
        NULL,
        'pending',
        NULL,
        NULL,
        NULL
    ),
    (
        21,
        20,
        55.00,
        '2020-03-21',
        'Cash',
        NULL,
        'pending',
        NULL,
        NULL,
        NULL
    ),
    (
        22,
        20,
        55.00,
        '2021-06-11',
        'Debit Card',
        NULL,
        'pending',
        NULL,
        NULL,
        NULL
    ),
    (
        23,
        21,
        120.00,
        '2020-04-02',
        'Credit Card',
        NULL,
        'pending',
        NULL,
        NULL,
        NULL
    ),
    (
        24,
        21,
        120.00,
        '2021-06-01',
        'Bank Transfer',
        NULL,
        'pending',
        NULL,
        NULL,
        NULL
    ),
    (
        25,
        21,
        120.00,
        '2022-06-01',
        'Debit Card',
        NULL,
        'pending',
        NULL,
        NULL,
        NULL
    ),
    (
        26,
        22,
        55.00,
        '2020-04-01',
        'Cash',
        NULL,
        'pending',
        NULL,
        NULL,
        NULL
    ),
    (
        27,
        22,
        55.00,
        '2020-04-05',
        'Debit Card',
        NULL,
        'pending',
        NULL,
        NULL,
        NULL
    ),
    (
        28,
        22,
        55.00,
        '2021-04-05',
        'Credit Card',
        NULL,
        'pending',
        NULL,
        NULL,
        NULL
    ),
    (
        29,
        23,
        120.00,
        '2020-04-02',
        'Credit Card',
        NULL,
        'pending',
        NULL,
        NULL,
        NULL
    ),
    (
        30,
        23,
        120.00,
        '2021-06-02',
        'Bank Transfer',
        NULL,
        'pending',
        NULL,
        NULL,
        NULL
    ),
    (
        31,
        23,
        120.00,
        '2022-06-02',
        'Debit Card',
        NULL,
        'pending',
        NULL,
        NULL,
        NULL
    ),
    (
        32,
        24,
        420.00,
        '1990-02-02',
        'Bank Transfer',
        NULL,
        'pending',
        NULL,
        NULL,
        NULL
    ),
    (
        33,
        24,
        420.00,
        '2022-05-31',
        'Credit Card',
        NULL,
        'approved',
        6,
        '2025-04-29 22:44:04',
        ''
    ),
    (
        34,
        25,
        480.00,
        '1986-02-19',
        'Bank Transfer',
        NULL,
        'pending',
        NULL,
        NULL,
        NULL
    ),
    (
        35,
        25,
        480.00,
        '2022-06-02',
        'Credit Card',
        NULL,
        'pending',
        NULL,
        NULL,
        NULL
    ),
    (
        36,
        26,
        420.00,
        '1995-05-18',
        'Cash',
        NULL,
        'pending',
        NULL,
        NULL,
        NULL
    ),
    (
        37,
        26,
        420.00,
        '2022-06-01',
        'Debit Card',
        NULL,
        'pending',
        NULL,
        NULL,
        NULL
    ),
    (
        38,
        27,
        40.00,
        '1995-12-12',
        'Cash',
        NULL,
        'pending',
        NULL,
        NULL,
        NULL
    ),
    (
        39,
        27,
        40.00,
        '2022-05-30',
        'Credit Card',
        NULL,
        'pending',
        NULL,
        NULL,
        NULL
    ),
    (
        40,
        29,
        330.00,
        '2022-06-02',
        'Credit Card',
        NULL,
        'pending',
        NULL,
        NULL,
        NULL
    ),
    (
        41,
        33,
        35.00,
        '2025-04-25',
        'Cash',
        NULL,
        'pending',
        NULL,
        NULL,
        NULL
    ),
    (
        42,
        33,
        32.00,
        '2025-04-26',
        'Debit Card',
        '12322',
        'approved',
        2,
        '2025-05-07 17:58:57',
        'incomplete pay'
    ),
    (
        43,
        6,
        1000.00,
        '2025-04-29',
        'Self-Service Portal',
        NULL,
        'denied',
        6,
        '2025-04-29 22:31:42',
        ''
    ),
    (
        44,
        6,
        1000.00,
        '2025-04-29',
        'Cash',
        NULL,
        'approved',
        6,
        '2025-04-29 22:31:38',
        ''
    ),
    (
        45,
        6,
        1000.00,
        '2025-04-29',
        'Credit Card',
        NULL,
        'pending',
        NULL,
        NULL,
        NULL
    ),
    (
        46,
        6,
        100.00,
        '2025-05-04',
        'Credit Card',
        '',
        'approved',
        2,
        '2025-05-29 01:00:38',
        ''
    ),
    (
        47,
        6,
        660.00,
        '2025-05-04',
        'Credit Card',
        NULL,
        'approved',
        2,
        '2025-05-05 07:39:34',
        'lorem ipsum sit amet dolor'
    ),
    (
        48,
        6,
        240000.00,
        '2025-05-07',
        'Credit Card',
        '3211',
        'approved',
        2,
        '2025-05-07 18:22:56',
        ''
    ),
    (
        49,
        6,
        480000.00,
        '2025-05-29',
        'Credit Card',
        '',
        'approved',
        2,
        '2025-05-29 00:59:51',
        ''
    );
-- --------------------------------------------------------
--
-- Table structure for table `workout_plan`
--
DROP TABLE IF EXISTS `workout_plan`;
CREATE TABLE IF NOT EXISTS `workout_plan` (
    `table_id` int NOT NULL AUTO_INCREMENT,
    `workout_name` varchar(255) NOT NULL,
    `description` text,
    `difficulty_level` varchar(50) DEFAULT NULL,
    `duration_weeks` int DEFAULT NULL,
    PRIMARY KEY (`table_id`)
) ENGINE = InnoDB AUTO_INCREMENT = 17 DEFAULT CHARSET = utf8mb4 COLLATE = utf8mb4_0900_ai_ci;
--
-- Dumping data for table `workout_plan`
--
INSERT INTO `workout_plan` (
        `table_id`,
        `workout_name`,
        `description`,
        `difficulty_level`,
        `duration_weeks`
    )
VALUES (
        1,
        'Full Body Strength',
        'Balanced workout for building overall strength',
        'Intermediate',
        8
    ),
    (
        2,
        'Cardio Blast',
        '	High-energy cardio sessions to boost endurance and burn fat',
        'Intermediate',
        8
    ),
    (
        3,
        'Muscle Gain Plan',
        '	Structured program to increase muscle mass with progressive overload',
        'Advanced',
        12
    ),
    (
        4,
        'Weight Loss Program',
        'Fat-burning routine focused on full-body movements and calorie control',
        'Intermediate',
        3
    ),
    (
        5,
        'Athletic Performance',
        'Performance-focused training for agility, speed, and coordination',
        'Advanced',
        7
    ),
    (
        6,
        'Core Strength Training',
        '	Midsection training plan to improve core power and stability',
        'Beginner',
        5
    ),
    (
        7,
        'Leg Day Routine',
        'Targeted leg workout with strength and hypertrophy elements',
        'Advanced',
        2
    ),
    (
        8,
        'Upper Body Pump',
        'Upper body-focused plan for size and definition',
        'Intermediate',
        4
    ),
    (
        9,
        'HIIT (High Intensity)',
        'Short bursts of high-intensity training to maximize calorie burn',
        'Advanced',
        2
    ),
    (
        10,
        'Flexibility & Mobility',
        '	Flexibility drills and mobility work to improve range of motion',
        'Beginner',
        2
    ),
    (
        11,
        'Weight Loss Beginner',
        '6-week weight loss program for beginners',
        'Beginner',
        12
    ),
    (
        12,
        'Muscle Gain Advanced',
        'Intensive 8-week muscle building program',
        'Advanced',
        8
    ),
    (
        13,
        'Cardio Conditioning',
        '6-week cardiovascular endurance program',
        'Intermediate',
        6
    ),
    (
        14,
        'Weight Loss Advanced',
        '12-week weight loss program for beginners',
        'Beginner',
        12
    ),
    (
        15,
        'Muscle Gain Advanced',
        'Intensive 8-week muscle building program',
        'Advanced',
        8
    ),
    (
        16,
        'Cardio Conditioning Advanced',
        '12-week cardiovascular endurance program',
        'Intermediate',
        6
    );
--
-- Constraints for dumped tables
--
--
-- Constraints for table `equipment`
--
ALTER TABLE `equipment`
ADD CONSTRAINT `fk_equipment_trainer` FOREIGN KEY (`trainer_id`) REFERENCES `trainers` (`trainer_id`) ON DELETE
SET NULL ON UPDATE CASCADE;
--
-- Constraints for table `equipment_repairs`
--
ALTER TABLE `equipment_repairs`
ADD CONSTRAINT `equipment_repairs_ibfk_1` FOREIGN KEY (`equipment_id`) REFERENCES `equipment` (`id`);
--
-- Constraints for table `payment_logs`
--
ALTER TABLE `payment_logs`
ADD CONSTRAINT `payment_logs_ibfk_1` FOREIGN KEY (`transaction_id`) REFERENCES `transactions` (`id`),
    ADD CONSTRAINT `payment_logs_ibfk_2` FOREIGN KEY (`admin_id`) REFERENCES `admin` (`user_id`);
--
-- Constraints for table `session_reminders`
--
ALTER TABLE `session_reminders`
ADD CONSTRAINT `session_reminders_ibfk_1` FOREIGN KEY (`session_id`) REFERENCES `training_sessions` (`session_id`);
--
-- Constraints for table `tasks`
--
ALTER TABLE `tasks`
ADD CONSTRAINT `tasks_ibfk_1` FOREIGN KEY (`admin_id`) REFERENCES `admin` (`user_id`) ON DELETE CASCADE;
--
-- Constraints for table `trainers`
--
ALTER TABLE `trainers`
ADD CONSTRAINT `trainers_ibfk_1` FOREIGN KEY (`trainer_id`) REFERENCES `staffs` (`user_id`);
--
-- Constraints for table `trainer_workout_specialization`
--
ALTER TABLE `trainer_workout_specialization`
ADD CONSTRAINT `trainer_workout_specialization_ibfk_1` FOREIGN KEY (`trainer_id`) REFERENCES `trainers` (`trainer_id`),
    ADD CONSTRAINT `trainer_workout_specialization_ibfk_2` FOREIGN KEY (`plan_id`) REFERENCES `workout_plan` (`table_id`);
--
-- Constraints for table `training_sessions`
--
ALTER TABLE `training_sessions`
ADD CONSTRAINT `training_sessions_ibfk_1` FOREIGN KEY (`user_id`) REFERENCES `members` (`user_id`),
    ADD CONSTRAINT `training_sessions_ibfk_2` FOREIGN KEY (`trainer_id`) REFERENCES `trainers` (`trainer_id`),
    ADD CONSTRAINT `training_sessions_ibfk_3` FOREIGN KEY (`table_id`) REFERENCES `workout_plan` (`table_id`);
--
-- Constraints for table `transactions`
--
ALTER TABLE `transactions`
ADD CONSTRAINT `transactions_ibfk_1` FOREIGN KEY (`user_id`) REFERENCES `members` (`user_id`);
COMMIT;
/*!40101 SET CHARACTER_SET_CLIENT=@OLD_CHARACTER_SET_CLIENT */
;
/*!40101 SET CHARACTER_SET_RESULTS=@OLD_CHARACTER_SET_RESULTS */
;
/*!40101 SET COLLATION_CONNECTION=@OLD_COLLATION_CONNECTION */
;